Year,Country,Country Code,Sector,Sector Volume,Total Volume,Export Volume,Import Volume,SG GDP,Trade Intensity,Lat,Lon
2019,China,CHN,Electronics,3.55,51.62,22.84,28.78,506.18,0.102,35.8617,104.1954
2019,China,CHN,Services,3.57,51.62,22.84,28.78,506.18,0.102,35.8617,104.1954
2019,China,CHN,Chemicals,5.26,51.62,22.84,28.78,506.18,0.102,35.8617,104.1954
2019,China,CHN,Oil & Gas,8.35,51.62,22.84,28.78,506.18,0.102,35.8617,104.1954
2019,China,CHN,Agri,7.05,51.62,22.84,28.78,506.18,0.102,35.8617,104.1954
2019,USA,USA,Electronics,2.95,24.56,12.83,11.73,506.18,0.0485,37.0902,-95.7129
2019,USA,USA,Services,5.09,24.56,12.83,11.73,506.18,0.0485,37.0902,-95.7129
2019,USA,USA,Chemicals,6.13,24.56,12.83,11.73,506.18,0.0485,37.0902,-95.7129
2019,USA,USA,Oil & Gas,7.38,24.56,12.83,11.73,506.18,0.0485,37.0902,-95.7129
2019,USA,USA,Agri,11.99,24.56,12.83,11.73,506.18,0.0485,37.0902,-95.7129
2019,Malaysia,MYS,Electronics,9.29,19.98,10.05,9.93,506.18,0.0395,4.2105,101.9758
2019,Malaysia,MYS,Services,1.65,19.98,10.05,9.93,506.18,0.0395,4.2105,101.9758
2019,Malaysia,MYS,Chemicals,9.51,19.98,10.05,9.93,506.18,0.0395,4.2105,101.9758
2019,Malaysia,MYS,Oil & Gas,3.39,19.98,10.05,9.93,506.18,0.0395,4.2105,101.9758
2019,Malaysia,MYS,Agri,1.91,19.98,10.05,9.93,506.18,0.0395,4.2105,101.9758
2019,Indonesia,IDN,Electronics,12.32,57.44,34.07,23.37,506.18,0.1135,-0.7893,113.9213
2019,Indonesia,IDN,Services,5.26,57.44,34.07,23.37,506.18,0.1135,-0.7893,113.9213
2019,Indonesia,IDN,Chemicals,2.37,57.44,34.07,23.37,506.18,0.1135,-0.7893,113.9213
2019,Indonesia,IDN,Oil & Gas,10.58,57.44,34.07,23.37,506.18,0.1135,-0.7893,113.9213
2019,Indonesia,IDN,Agri,7.16,57.44,34.07,23.37,506.18,0.1135,-0.7893,113.9213
2019,Germany,DEU,Electronics,1.48,16.1,8.03,8.07,506.18,0.0318,51.1657,10.4515
2019,Germany,DEU,Services,13.73,16.1,8.03,8.07,506.18,0.0318,51.1657,10.4515
2019,Germany,DEU,Chemicals,4.62,16.1,8.03,8.07,506.18,0.0318,51.1657,10.4515
2019,Germany,DEU,Oil & Gas,10.28,16.1,8.03,8.07,506.18,0.0318,51.1657,10.4515
2019,Germany,DEU,Agri,5.36,16.1,8.03,8.07,506.18,0.0318,51.1657,10.4515
2019,India,IND,Electronics,3.59,36.0,18.34,17.66,506.18,0.0711,20.5937,78.9629
2019,India,IND,Services,14.57,36.0,18.34,17.66,506.18,0.0711,20.5937,78.9629
2019,India,IND,Chemicals,11.85,36.0,18.34,17.66,506.18,0.0711,20.5937,78.9629
2019,India,IND,Oil & Gas,14.15,36.0,18.34,17.66,506.18,0.0711,20.5937,78.9629
2019,India,IND,Agri,13.53,36.0,18.34,17.66,506.18,0.0711,20.5937,78.9629
2019,Vietnam,VNM,Electronics,2.24,39.89,23.31,16.58,506.18,0.0788,14.0583,108.2772
2019,Vietnam,VNM,Services,3.74,39.89,23.31,16.58,506.18,0.0788,14.0583,108.2772
2019,Vietnam,VNM,Chemicals,1.63,39.89,23.31,16.58,506.18,0.0788,14.0583,108.2772
2019,Vietnam,VNM,Oil & Gas,5.55,39.89,23.31,16.58,506.18,0.0788,14.0583,108.2772
2019,Vietnam,VNM,Agri,6.44,39.89,23.31,16.58,506.18,0.0788,14.0583,108.2772
2019,Australia,AUS,Electronics,5.99,23.57,13.33,10.24,506.18,0.0466,-25.2744,133.7751
2019,Australia,AUS,Services,4.93,23.57,13.33,10.24,506.18,0.0466,-25.2744,133.7751
2019,Australia,AUS,Chemicals,8.6,23.57,13.33,10.24,506.18,0.0466,-25.2744,133.7751
2019,Australia,AUS,Oil & Gas,2.97,23.57,13.33,10.24,506.18,0.0466,-25.2744,133.7751
2019,Australia,AUS,Agri,12.23,23.57,13.33,10.24,506.18,0.0466,-25.2744,133.7751
2019,Japan,JPN,Electronics,11.81,13.73,8.2,5.53,506.18,0.0271,36.2048,138.2529
2019,Japan,JPN,Services,3.78,13.73,8.2,5.53,506.18,0.0271,36.2048,138.2529
2019,Japan,JPN,Chemicals,1.08,13.73,8.2,5.53,506.18,0.0271,36.2048,138.2529
2019,Japan,JPN,Oil & Gas,12.42,13.73,8.2,5.53,506.18,0.0271,36.2048,138.2529
2019,Japan,JPN,Agri,10.9,13.73,8.2,5.53,506.18,0.0271,36.2048,138.2529
2019,UK,GBR,Electronics,2.04,46.45,25.75,20.7,506.18,0.0918,55.3781,-3.436
2019,UK,GBR,Services,6.02,46.45,25.75,20.7,506.18,0.0918,55.3781,-3.436
2019,UK,GBR,Chemicals,2.62,46.45,25.75,20.7,506.18,0.0918,55.3781,-3.436
2019,UK,GBR,Oil & Gas,13.08,46.45,25.75,20.7,506.18,0.0918,55.3781,-3.436
2019,UK,GBR,Agri,9.73,46.45,25.75,20.7,506.18,0.0918,55.3781,-3.436
2019,France,FRA,Electronics,5.35,26.54,10.95,15.59,506.18,0.0524,46.6034,1.8883
2019,France,FRA,Services,5.55,26.54,10.95,15.59,506.18,0.0524,46.6034,1.8883
2019,France,FRA,Chemicals,11.21,26.54,10.95,15.59,506.18,0.0524,46.6034,1.8883
2019,France,FRA,Oil & Gas,9.93,26.54,10.95,15.59,506.18,0.0524,46.6034,1.8883
2019,France,FRA,Agri,13.42,26.54,10.95,15.59,506.18,0.0524,46.6034,1.8883
2019,Brazil,BRA,Electronics,10.99,33.61,14.25,19.36,506.18,0.0664,-14.235,-51.9253
2019,Brazil,BRA,Services,11.65,33.61,14.25,19.36,506.18,0.0664,-14.235,-51.9253
2019,Brazil,BRA,Chemicals,8.86,33.61,14.25,19.36,506.18,0.0664,-14.235,-51.9253
2019,Brazil,BRA,Oil & Gas,11.79,33.61,14.25,19.36,506.18,0.0664,-14.235,-51.9253
2019,Brazil,BRA,Agri,7.91,33.61,14.25,19.36,506.18,0.0664,-14.235,-51.9253
2019,South Korea,KOR,Electronics,1.36,36.14,17.55,18.59,506.18,0.0714,35.9078,127.7669
2019,South Korea,KOR,Services,2.51,36.14,17.55,18.59,506.18,0.0714,35.9078,127.7669
2019,South Korea,KOR,Chemicals,1.44,36.14,17.55,18.59,506.18,0.0714,35.9078,127.7669
2019,South Korea,KOR,Oil & Gas,9.91,36.14,17.55,18.59,506.18,0.0714,35.9078,127.7669
2019,South Korea,KOR,Agri,5.4,36.14,17.55,18.59,506.18,0.0714,35.9078,127.7669
2019,Mexico,MEX,Electronics,4.49,35.43,20.6,14.83,506.18,0.07,23.6345,-102.5528
2019,Mexico,MEX,Services,6.75,35.43,20.6,14.83,506.18,0.07,23.6345,-102.5528
2019,Mexico,MEX,Chemicals,11.58,35.43,20.6,14.83,506.18,0.07,23.6345,-102.5528
2019,Mexico,MEX,Oil & Gas,4.2,35.43,20.6,14.83,506.18,0.07,23.6345,-102.5528
2019,Mexico,MEX,Agri,2.08,35.43,20.6,14.83,506.18,0.07,23.6345,-102.5528
2019,Russia,RUS,Electronics,14.02,24.49,10.59,13.9,506.18,0.0484,61.524,105.3188
2019,Russia,RUS,Services,12.31,24.49,10.59,13.9,506.18,0.0484,61.524,105.3188
2019,Russia,RUS,Chemicals,9.87,24.49,10.59,13.9,506.18,0.0484,61.524,105.3188
2019,Russia,RUS,Oil & Gas,13.2,24.49,10.59,13.9,506.18,0.0484,61.524,105.3188
2019,Russia,RUS,Agri,12.25,24.49,10.59,13.9,506.18,0.0484,61.524,105.3188
2019,Canada,CAN,Electronics,8.55,19.33,11.18,8.15,506.18,0.0382,56.1304,-106.3468
2019,Canada,CAN,Services,12.3,19.33,11.18,8.15,506.18,0.0382,56.1304,-106.3468
2019,Canada,CAN,Chemicals,13.55,19.33,11.18,8.15,506.18,0.0382,56.1304,-106.3468
2019,Canada,CAN,Oil & Gas,5.45,19.33,11.18,8.15,506.18,0.0382,56.1304,-106.3468
2019,Canada,CAN,Agri,2.54,19.33,11.18,8.15,506.18,0.0382,56.1304,-106.3468
2019,Italy,ITA,Electronics,12.45,21.4,10.39,11.01,506.18,0.0423,41.8719,12.5674
2019,Italy,ITA,Services,13.05,21.4,10.39,11.01,506.18,0.0423,41.8719,12.5674
2019,Italy,ITA,Chemicals,1.1,21.4,10.39,11.01,506.18,0.0423,41.8719,12.5674
2019,Italy,ITA,Oil & Gas,8.15,21.4,10.39,11.01,506.18,0.0423,41.8719,12.5674
2019,Italy,ITA,Agri,6.84,21.4,10.39,11.01,506.18,0.0423,41.8719,12.5674
2019,Spain,ESP,Electronics,5.73,21.11,8.95,12.16,506.18,0.0417,40.4637,-3.7492
2019,Spain,ESP,Services,14.2,21.11,8.95,12.16,506.18,0.0417,40.4637,-3.7492
2019,Spain,ESP,Chemicals,5.52,21.11,8.95,12.16,506.18,0.0417,40.4637,-3.7492
2019,Spain,ESP,Oil & Gas,8.26,21.11,8.95,12.16,506.18,0.0417,40.4637,-3.7492
2019,Spain,ESP,Agri,10.84,21.11,8.95,12.16,506.18,0.0417,40.4637,-3.7492
2019,Thailand,THA,Electronics,14.47,28.18,16.75,11.43,506.18,0.0557,15.87,100.9925
2019,Thailand,THA,Services,4.52,28.18,16.75,11.43,506.18,0.0557,15.87,100.9925
2019,Thailand,THA,Chemicals,7.96,28.18,16.75,11.43,506.18,0.0557,15.87,100.9925
2019,Thailand,THA,Oil & Gas,5.21,28.18,16.75,11.43,506.18,0.0557,15.87,100.9925
2019,Thailand,THA,Agri,4.99,28.18,16.75,11.43,506.18,0.0557,15.87,100.9925
2019,Netherlands,NLD,Electronics,8.04,11.84,6.18,5.66,506.18,0.0234,52.1326,5.2913
2019,Netherlands,NLD,Services,1.72,11.84,6.18,5.66,506.18,0.0234,52.1326,5.2913
2019,Netherlands,NLD,Chemicals,4.9,11.84,6.18,5.66,506.18,0.0234,52.1326,5.2913
2019,Netherlands,NLD,Oil & Gas,13.72,11.84,6.18,5.66,506.18,0.0234,52.1326,5.2913
2019,Netherlands,NLD,Agri,4.35,11.84,6.18,5.66,506.18,0.0234,52.1326,5.2913
2020,China,CHN,Electronics,14.8,17.24,8.58,8.66,592.61,0.0291,35.8617,104.1954
2020,China,CHN,Services,4.39,17.24,8.58,8.66,592.61,0.0291,35.8617,104.1954
2020,China,CHN,Chemicals,10.41,17.24,8.58,8.66,592.61,0.0291,35.8617,104.1954
2020,China,CHN,Oil & Gas,11.66,17.24,8.58,8.66,592.61,0.0291,35.8617,104.1954
2020,China,CHN,Agri,4.33,17.24,8.58,8.66,592.61,0.0291,35.8617,104.1954
2020,USA,USA,Electronics,9.85,46.41,21.98,24.43,592.61,0.0783,37.0902,-95.7129
2020,USA,USA,Services,9.87,46.41,21.98,24.43,592.61,0.0783,37.0902,-95.7129
2020,USA,USA,Chemicals,8.5,46.41,21.98,24.43,592.61,0.0783,37.0902,-95.7129
2020,USA,USA,Oil & Gas,2.26,46.41,21.98,24.43,592.61,0.0783,37.0902,-95.7129
2020,USA,USA,Agri,12.69,46.41,21.98,24.43,592.61,0.0783,37.0902,-95.7129
2020,Malaysia,MYS,Electronics,1.57,26.04,11.39,14.65,592.61,0.0439,4.2105,101.9758
2020,Malaysia,MYS,Services,9.27,26.04,11.39,14.65,592.61,0.0439,4.2105,101.9758
2020,Malaysia,MYS,Chemicals,10.49,26.04,11.39,14.65,592.61,0.0439,4.2105,101.9758
2020,Malaysia,MYS,Oil & Gas,1.23,26.04,11.39,14.65,592.61,0.0439,4.2105,101.9758
2020,Malaysia,MYS,Agri,8.17,26.04,11.39,14.65,592.61,0.0439,4.2105,101.9758
2020,Indonesia,IDN,Electronics,3.44,21.32,11.28,10.04,592.61,0.036,-0.7893,113.9213
2020,Indonesia,IDN,Services,10.67,21.32,11.28,10.04,592.61,0.036,-0.7893,113.9213
2020,Indonesia,IDN,Chemicals,6.41,21.32,11.28,10.04,592.61,0.036,-0.7893,113.9213
2020,Indonesia,IDN,Oil & Gas,14.11,21.32,11.28,10.04,592.61,0.036,-0.7893,113.9213
2020,Indonesia,IDN,Agri,2.93,21.32,11.28,10.04,592.61,0.036,-0.7893,113.9213
2020,Germany,DEU,Electronics,13.95,27.05,11.43,15.62,592.61,0.0456,51.1657,10.4515
2020,Germany,DEU,Services,13.28,27.05,11.43,15.62,592.61,0.0456,51.1657,10.4515
2020,Germany,DEU,Chemicals,4.61,27.05,11.43,15.62,592.61,0.0456,51.1657,10.4515
2020,Germany,DEU,Oil & Gas,10.24,27.05,11.43,15.62,592.61,0.0456,51.1657,10.4515
2020,Germany,DEU,Agri,12.44,27.05,11.43,15.62,592.61,0.0456,51.1657,10.4515
2020,India,IND,Electronics,4.39,37.76,19.1,18.66,592.61,0.0637,20.5937,78.9629
2020,India,IND,Services,2.3,37.76,19.1,18.66,592.61,0.0637,20.5937,78.9629
2020,India,IND,Chemicals,13.56,37.76,19.1,18.66,592.61,0.0637,20.5937,78.9629
2020,India,IND,Oil & Gas,13.61,37.76,19.1,18.66,592.61,0.0637,20.5937,78.9629
2020,India,IND,Agri,9.86,37.76,19.1,18.66,592.61,0.0637,20.5937,78.9629
2020,Vietnam,VNM,Electronics,11.16,26.95,12.66,14.29,592.61,0.0455,14.0583,108.2772
2020,Vietnam,VNM,Services,13.56,26.95,12.66,14.29,592.61,0.0455,14.0583,108.2772
2020,Vietnam,VNM,Chemicals,13.42,26.95,12.66,14.29,592.61,0.0455,14.0583,108.2772
2020,Vietnam,VNM,Oil & Gas,11.92,26.95,12.66,14.29,592.61,0.0455,14.0583,108.2772
2020,Vietnam,VNM,Agri,9.99,26.95,12.66,14.29,592.61,0.0455,14.0583,108.2772
2020,Australia,AUS,Electronics,13.58,14.21,6.14,8.07,592.61,0.024,-25.2744,133.7751
2020,Australia,AUS,Services,9.49,14.21,6.14,8.07,592.61,0.024,-25.2744,133.7751
2020,Australia,AUS,Chemicals,1.13,14.21,6.14,8.07,592.61,0.024,-25.2744,133.7751
2020,Australia,AUS,Oil & Gas,2.42,14.21,6.14,8.07,592.61,0.024,-25.2744,133.7751
2020,Australia,AUS,Agri,10.29,14.21,6.14,8.07,592.61,0.024,-25.2744,133.7751
2020,Japan,JPN,Electronics,8.68,10.25,4.43,5.82,592.61,0.0173,36.2048,138.2529
2020,Japan,JPN,Services,10.69,10.25,4.43,5.82,592.61,0.0173,36.2048,138.2529
2020,Japan,JPN,Chemicals,10.13,10.25,4.43,5.82,592.61,0.0173,36.2048,138.2529
2020,Japan,JPN,Oil & Gas,4.14,10.25,4.43,5.82,592.61,0.0173,36.2048,138.2529
2020,Japan,JPN,Agri,10.97,10.25,4.43,5.82,592.61,0.0173,36.2048,138.2529
2020,UK,GBR,Electronics,11.45,21.86,10.17,11.69,592.61,0.0369,55.3781,-3.436
2020,UK,GBR,Services,10.09,21.86,10.17,11.69,592.61,0.0369,55.3781,-3.436
2020,UK,GBR,Chemicals,12.89,21.86,10.17,11.69,592.61,0.0369,55.3781,-3.436
2020,UK,GBR,Oil & Gas,10.21,21.86,10.17,11.69,592.61,0.0369,55.3781,-3.436
2020,UK,GBR,Agri,8.96,21.86,10.17,11.69,592.61,0.0369,55.3781,-3.436
2020,France,FRA,Electronics,4.71,14.68,6.95,7.73,592.61,0.0248,46.6034,1.8883
2020,France,FRA,Services,4.42,14.68,6.95,7.73,592.61,0.0248,46.6034,1.8883
2020,France,FRA,Chemicals,14.62,14.68,6.95,7.73,592.61,0.0248,46.6034,1.8883
2020,France,FRA,Oil & Gas,6.5,14.68,6.95,7.73,592.61,0.0248,46.6034,1.8883
2020,France,FRA,Agri,13.49,14.68,6.95,7.73,592.61,0.0248,46.6034,1.8883
2020,Brazil,BRA,Electronics,8.04,41.56,23.23,18.33,592.61,0.0701,-14.235,-51.9253
2020,Brazil,BRA,Services,9.08,41.56,23.23,18.33,592.61,0.0701,-14.235,-51.9253
2020,Brazil,BRA,Chemicals,7.9,41.56,23.23,18.33,592.61,0.0701,-14.235,-51.9253
2020,Brazil,BRA,Oil & Gas,3.73,41.56,23.23,18.33,592.61,0.0701,-14.235,-51.9253
2020,Brazil,BRA,Agri,11.11,41.56,23.23,18.33,592.61,0.0701,-14.235,-51.9253
2020,South Korea,KOR,Electronics,10.04,24.04,9.73,14.31,592.61,0.0406,35.9078,127.7669
2020,South Korea,KOR,Services,3.48,24.04,9.73,14.31,592.61,0.0406,35.9078,127.7669
2020,South Korea,KOR,Chemicals,14.17,24.04,9.73,14.31,592.61,0.0406,35.9078,127.7669
2020,South Korea,KOR,Oil & Gas,14.36,24.04,9.73,14.31,592.61,0.0406,35.9078,127.7669
2020,South Korea,KOR,Agri,13.81,24.04,9.73,14.31,592.61,0.0406,35.9078,127.7669
2020,Mexico,MEX,Electronics,14.0,28.51,11.49,17.02,592.61,0.0481,23.6345,-102.5528
2020,Mexico,MEX,Services,6.99,28.51,11.49,17.02,592.61,0.0481,23.6345,-102.5528
2020,Mexico,MEX,Chemicals,14.53,28.51,11.49,17.02,592.61,0.0481,23.6345,-102.5528
2020,Mexico,MEX,Oil & Gas,14.49,28.51,11.49,17.02,592.61,0.0481,23.6345,-102.5528
2020,Mexico,MEX,Agri,12.94,28.51,11.49,17.02,592.61,0.0481,23.6345,-102.5528
2020,Russia,RUS,Electronics,12.92,24.72,11.79,12.93,592.61,0.0417,61.524,105.3188
2020,Russia,RUS,Services,5.44,24.72,11.79,12.93,592.61,0.0417,61.524,105.3188
2020,Russia,RUS,Chemicals,3.37,24.72,11.79,12.93,592.61,0.0417,61.524,105.3188
2020,Russia,RUS,Oil & Gas,8.8,24.72,11.79,12.93,592.61,0.0417,61.524,105.3188
2020,Russia,RUS,Agri,14.11,24.72,11.79,12.93,592.61,0.0417,61.524,105.3188
2020,Canada,CAN,Electronics,2.36,44.8,23.03,21.77,592.61,0.0756,56.1304,-106.3468
2020,Canada,CAN,Services,9.61,44.8,23.03,21.77,592.61,0.0756,56.1304,-106.3468
2020,Canada,CAN,Chemicals,14.86,44.8,23.03,21.77,592.61,0.0756,56.1304,-106.3468
2020,Canada,CAN,Oil & Gas,2.96,44.8,23.03,21.77,592.61,0.0756,56.1304,-106.3468
2020,Canada,CAN,Agri,8.26,44.8,23.03,21.77,592.61,0.0756,56.1304,-106.3468
2020,Italy,ITA,Electronics,10.76,53.87,29.53,24.34,592.61,0.0909,41.8719,12.5674
2020,Italy,ITA,Services,10.83,53.87,29.53,24.34,592.61,0.0909,41.8719,12.5674
2020,Italy,ITA,Chemicals,6.03,53.87,29.53,24.34,592.61,0.0909,41.8719,12.5674
2020,Italy,ITA,Oil & Gas,5.11,53.87,29.53,24.34,592.61,0.0909,41.8719,12.5674
2020,Italy,ITA,Agri,12.33,53.87,29.53,24.34,592.61,0.0909,41.8719,12.5674
2020,Spain,ESP,Electronics,13.79,50.51,28.96,21.55,592.61,0.0852,40.4637,-3.7492
2020,Spain,ESP,Services,8.16,50.51,28.96,21.55,592.61,0.0852,40.4637,-3.7492
2020,Spain,ESP,Chemicals,8.02,50.51,28.96,21.55,592.61,0.0852,40.4637,-3.7492
2020,Spain,ESP,Oil & Gas,12.18,50.51,28.96,21.55,592.61,0.0852,40.4637,-3.7492
2020,Spain,ESP,Agri,10.1,50.51,28.96,21.55,592.61,0.0852,40.4637,-3.7492
2020,Thailand,THA,Electronics,13.46,45.1,25.22,19.88,592.61,0.0761,15.87,100.9925
2020,Thailand,THA,Services,5.73,45.1,25.22,19.88,592.61,0.0761,15.87,100.9925
2020,Thailand,THA,Chemicals,6.26,45.1,25.22,19.88,592.61,0.0761,15.87,100.9925
2020,Thailand,THA,Oil & Gas,2.32,45.1,25.22,19.88,592.61,0.0761,15.87,100.9925
2020,Thailand,THA,Agri,9.1,45.1,25.22,19.88,592.61,0.0761,15.87,100.9925
2020,Netherlands,NLD,Electronics,8.6,11.8,5.82,5.98,592.61,0.0199,52.1326,5.2913
2020,Netherlands,NLD,Services,5.01,11.8,5.82,5.98,592.61,0.0199,52.1326,5.2913
2020,Netherlands,NLD,Chemicals,9.27,11.8,5.82,5.98,592.61,0.0199,52.1326,5.2913
2020,Netherlands,NLD,Oil & Gas,1.43,11.8,5.82,5.98,592.61,0.0199,52.1326,5.2913
2020,Netherlands,NLD,Agri,1.52,11.8,5.82,5.98,592.61,0.0199,52.1326,5.2913
2021,China,CHN,Electronics,2.78,51.13,24.14,26.99,559.8,0.0913,35.8617,104.1954
2021,China,CHN,Services,8.31,51.13,24.14,26.99,559.8,0.0913,35.8617,104.1954
2021,China,CHN,Chemicals,11.78,51.13,24.14,26.99,559.8,0.0913,35.8617,104.1954
2021,China,CHN,Oil & Gas,4.02,51.13,24.14,26.99,559.8,0.0913,35.8617,104.1954
2021,China,CHN,Agri,9.72,51.13,24.14,26.99,559.8,0.0913,35.8617,104.1954
2021,USA,USA,Electronics,8.44,14.27,5.86,8.41,559.8,0.0255,37.0902,-95.7129
2021,USA,USA,Services,8.57,14.27,5.86,8.41,559.8,0.0255,37.0902,-95.7129
2021,USA,USA,Chemicals,9.92,14.27,5.86,8.41,559.8,0.0255,37.0902,-95.7129
2021,USA,USA,Oil & Gas,11.17,14.27,5.86,8.41,559.8,0.0255,37.0902,-95.7129
2021,USA,USA,Agri,14.66,14.27,5.86,8.41,559.8,0.0255,37.0902,-95.7129
2021,Malaysia,MYS,Electronics,12.13,35.82,16.64,19.18,559.8,0.064,4.2105,101.9758
2021,Malaysia,MYS,Services,4.79,35.82,16.64,19.18,559.8,0.064,4.2105,101.9758
2021,Malaysia,MYS,Chemicals,7.15,35.82,16.64,19.18,559.8,0.064,4.2105,101.9758
2021,Malaysia,MYS,Oil & Gas,2.1,35.82,16.64,19.18,559.8,0.064,4.2105,101.9758
2021,Malaysia,MYS,Agri,1.35,35.82,16.64,19.18,559.8,0.064,4.2105,101.9758
2021,Indonesia,IDN,Electronics,10.74,58.13,32.97,25.16,559.8,0.1038,-0.7893,113.9213
2021,Indonesia,IDN,Services,6.73,58.13,32.97,25.16,559.8,0.1038,-0.7893,113.9213
2021,Indonesia,IDN,Chemicals,3.43,58.13,32.97,25.16,559.8,0.1038,-0.7893,113.9213
2021,Indonesia,IDN,Oil & Gas,3.19,58.13,32.97,25.16,559.8,0.1038,-0.7893,113.9213
2021,Indonesia,IDN,Agri,4.5,58.13,32.97,25.16,559.8,0.1038,-0.7893,113.9213
2021,Germany,DEU,Electronics,10.24,37.46,20.34,17.12,559.8,0.0669,51.1657,10.4515
2021,Germany,DEU,Services,4.92,37.46,20.34,17.12,559.8,0.0669,51.1657,10.4515
2021,Germany,DEU,Chemicals,14.37,37.46,20.34,17.12,559.8,0.0669,51.1657,10.4515
2021,Germany,DEU,Oil & Gas,11.33,37.46,20.34,17.12,559.8,0.0669,51.1657,10.4515
2021,Germany,DEU,Agri,8.76,37.46,20.34,17.12,559.8,0.0669,51.1657,10.4515
2021,India,IND,Electronics,4.47,40.59,19.64,20.95,559.8,0.0725,20.5937,78.9629
2021,India,IND,Services,5.98,40.59,19.64,20.95,559.8,0.0725,20.5937,78.9629
2021,India,IND,Chemicals,11.61,40.59,19.64,20.95,559.8,0.0725,20.5937,78.9629
2021,India,IND,Oil & Gas,1.2,40.59,19.64,20.95,559.8,0.0725,20.5937,78.9629
2021,India,IND,Agri,2.63,40.59,19.64,20.95,559.8,0.0725,20.5937,78.9629
2021,Vietnam,VNM,Electronics,12.98,12.3,5.02,7.28,559.8,0.022,14.0583,108.2772
2021,Vietnam,VNM,Services,10.85,12.3,5.02,7.28,559.8,0.022,14.0583,108.2772
2021,Vietnam,VNM,Chemicals,7.64,12.3,5.02,7.28,559.8,0.022,14.0583,108.2772
2021,Vietnam,VNM,Oil & Gas,2.37,12.3,5.02,7.28,559.8,0.022,14.0583,108.2772
2021,Vietnam,VNM,Agri,7.88,12.3,5.02,7.28,559.8,0.022,14.0583,108.2772
2021,Australia,AUS,Electronics,7.07,33.67,14.63,19.04,559.8,0.0601,-25.2744,133.7751
2021,Australia,AUS,Services,6.58,33.67,14.63,19.04,559.8,0.0601,-25.2744,133.7751
2021,Australia,AUS,Chemicals,9.62,33.67,14.63,19.04,559.8,0.0601,-25.2744,133.7751
2021,Australia,AUS,Oil & Gas,9.89,33.67,14.63,19.04,559.8,0.0601,-25.2744,133.7751
2021,Australia,AUS,Agri,1.63,33.67,14.63,19.04,559.8,0.0601,-25.2744,133.7751
2021,Japan,JPN,Electronics,8.04,28.73,15.09,13.64,559.8,0.0513,36.2048,138.2529
2021,Japan,JPN,Services,12.99,28.73,15.09,13.64,559.8,0.0513,36.2048,138.2529
2021,Japan,JPN,Chemicals,10.22,28.73,15.09,13.64,559.8,0.0513,36.2048,138.2529
2021,Japan,JPN,Oil & Gas,3.28,28.73,15.09,13.64,559.8,0.0513,36.2048,138.2529
2021,Japan,JPN,Agri,1.99,28.73,15.09,13.64,559.8,0.0513,36.2048,138.2529
2021,UK,GBR,Electronics,9.2,42.12,17.07,25.05,559.8,0.0752,55.3781,-3.436
2021,UK,GBR,Services,14.16,42.12,17.07,25.05,559.8,0.0752,55.3781,-3.436
2021,UK,GBR,Chemicals,9.06,42.12,17.07,25.05,559.8,0.0752,55.3781,-3.436
2021,UK,GBR,Oil & Gas,6.43,42.12,17.07,25.05,559.8,0.0752,55.3781,-3.436
2021,UK,GBR,Agri,10.01,42.12,17.07,25.05,559.8,0.0752,55.3781,-3.436
2021,France,FRA,Electronics,14.18,32.91,16.76,16.15,559.8,0.0588,46.6034,1.8883
2021,France,FRA,Services,6.41,32.91,16.76,16.15,559.8,0.0588,46.6034,1.8883
2021,France,FRA,Chemicals,14.46,32.91,16.76,16.15,559.8,0.0588,46.6034,1.8883
2021,France,FRA,Oil & Gas,13.67,32.91,16.76,16.15,559.8,0.0588,46.6034,1.8883
2021,France,FRA,Agri,3.74,32.91,16.76,16.15,559.8,0.0588,46.6034,1.8883
2021,Brazil,BRA,Electronics,1.26,13.47,5.66,7.81,559.8,0.0241,-14.235,-51.9253
2021,Brazil,BRA,Services,2.32,13.47,5.66,7.81,559.8,0.0241,-14.235,-51.9253
2021,Brazil,BRA,Chemicals,10.56,13.47,5.66,7.81,559.8,0.0241,-14.235,-51.9253
2021,Brazil,BRA,Oil & Gas,2.0,13.47,5.66,7.81,559.8,0.0241,-14.235,-51.9253
2021,Brazil,BRA,Agri,5.47,13.47,5.66,7.81,559.8,0.0241,-14.235,-51.9253
2021,South Korea,KOR,Electronics,12.4,52.24,21.14,31.1,559.8,0.0933,35.9078,127.7669
2021,South Korea,KOR,Services,4.95,52.24,21.14,31.1,559.8,0.0933,35.9078,127.7669
2021,South Korea,KOR,Chemicals,2.65,52.24,21.14,31.1,559.8,0.0933,35.9078,127.7669
2021,South Korea,KOR,Oil & Gas,10.75,52.24,21.14,31.1,559.8,0.0933,35.9078,127.7669
2021,South Korea,KOR,Agri,9.81,52.24,21.14,31.1,559.8,0.0933,35.9078,127.7669
2021,Mexico,MEX,Electronics,12.25,53.87,29.47,24.4,559.8,0.0962,23.6345,-102.5528
2021,Mexico,MEX,Services,4.95,53.87,29.47,24.4,559.8,0.0962,23.6345,-102.5528
2021,Mexico,MEX,Chemicals,3.48,53.87,29.47,24.4,559.8,0.0962,23.6345,-102.5528
2021,Mexico,MEX,Oil & Gas,11.51,53.87,29.47,24.4,559.8,0.0962,23.6345,-102.5528
2021,Mexico,MEX,Agri,12.3,53.87,29.47,24.4,559.8,0.0962,23.6345,-102.5528
2021,Russia,RUS,Electronics,6.21,59.53,28.72,30.81,559.8,0.1063,61.524,105.3188
2021,Russia,RUS,Services,11.87,59.53,28.72,30.81,559.8,0.1063,61.524,105.3188
2021,Russia,RUS,Chemicals,5.77,59.53,28.72,30.81,559.8,0.1063,61.524,105.3188
2021,Russia,RUS,Oil & Gas,14.03,59.53,28.72,30.81,559.8,0.1063,61.524,105.3188
2021,Russia,RUS,Agri,13.02,59.53,28.72,30.81,559.8,0.1063,61.524,105.3188
2021,Canada,CAN,Electronics,11.56,31.45,17.3,14.15,559.8,0.0562,56.1304,-106.3468
2021,Canada,CAN,Services,2.44,31.45,17.3,14.15,559.8,0.0562,56.1304,-106.3468
2021,Canada,CAN,Chemicals,13.64,31.45,17.3,14.15,559.8,0.0562,56.1304,-106.3468
2021,Canada,CAN,Oil & Gas,8.07,31.45,17.3,14.15,559.8,0.0562,56.1304,-106.3468
2021,Canada,CAN,Agri,12.57,31.45,17.3,14.15,559.8,0.0562,56.1304,-106.3468
2021,Italy,ITA,Electronics,6.45,26.0,15.06,10.94,559.8,0.0464,41.8719,12.5674
2021,Italy,ITA,Services,1.15,26.0,15.06,10.94,559.8,0.0464,41.8719,12.5674
2021,Italy,ITA,Chemicals,13.68,26.0,15.06,10.94,559.8,0.0464,41.8719,12.5674
2021,Italy,ITA,Oil & Gas,2.28,26.0,15.06,10.94,559.8,0.0464,41.8719,12.5674
2021,Italy,ITA,Agri,5.47,26.0,15.06,10.94,559.8,0.0464,41.8719,12.5674
2021,Spain,ESP,Electronics,9.03,57.5,33.93,23.57,559.8,0.1027,40.4637,-3.7492
2021,Spain,ESP,Services,9.85,57.5,33.93,23.57,559.8,0.1027,40.4637,-3.7492
2021,Spain,ESP,Chemicals,7.28,57.5,33.93,23.57,559.8,0.1027,40.4637,-3.7492
2021,Spain,ESP,Oil & Gas,5.1,57.5,33.93,23.57,559.8,0.1027,40.4637,-3.7492
2021,Spain,ESP,Agri,5.6,57.5,33.93,23.57,559.8,0.1027,40.4637,-3.7492
2021,Thailand,THA,Electronics,12.08,43.63,24.02,19.61,559.8,0.0779,15.87,100.9925
2021,Thailand,THA,Services,12.05,43.63,24.02,19.61,559.8,0.0779,15.87,100.9925
2021,Thailand,THA,Chemicals,2.28,43.63,24.02,19.61,559.8,0.0779,15.87,100.9925
2021,Thailand,THA,Oil & Gas,7.92,43.63,24.02,19.61,559.8,0.0779,15.87,100.9925
2021,Thailand,THA,Agri,1.81,43.63,24.02,19.61,559.8,0.0779,15.87,100.9925
2021,Netherlands,NLD,Electronics,13.43,37.48,18.3,19.18,559.8,0.067,52.1326,5.2913
2021,Netherlands,NLD,Services,5.91,37.48,18.3,19.18,559.8,0.067,52.1326,5.2913
2021,Netherlands,NLD,Chemicals,2.64,37.48,18.3,19.18,559.8,0.067,52.1326,5.2913
2021,Netherlands,NLD,Oil & Gas,3.0,37.48,18.3,19.18,559.8,0.067,52.1326,5.2913
2021,Netherlands,NLD,Agri,11.66,37.48,18.3,19.18,559.8,0.067,52.1326,5.2913
2022,China,CHN,Electronics,2.18,40.91,17.19,23.72,539.8,0.0758,35.8617,104.1954
2022,China,CHN,Services,10.81,40.91,17.19,23.72,539.8,0.0758,35.8617,104.1954
2022,China,CHN,Chemicals,2.02,40.91,17.19,23.72,539.8,0.0758,35.8617,104.1954
2022,China,CHN,Oil & Gas,12.51,40.91,17.19,23.72,539.8,0.0758,35.8617,104.1954
2022,China,CHN,Agri,10.89,40.91,17.19,23.72,539.8,0.0758,35.8617,104.1954
2022,USA,USA,Electronics,14.81,14.07,5.87,8.2,539.8,0.0261,37.0902,-95.7129
2022,USA,USA,Services,6.24,14.07,5.87,8.2,539.8,0.0261,37.0902,-95.7129
2022,USA,USA,Chemicals,6.19,14.07,5.87,8.2,539.8,0.0261,37.0902,-95.7129
2022,USA,USA,Oil & Gas,12.38,14.07,5.87,8.2,539.8,0.0261,37.0902,-95.7129
2022,USA,USA,Agri,14.26,14.07,5.87,8.2,539.8,0.0261,37.0902,-95.7129
2022,Malaysia,MYS,Electronics,6.27,59.3,32.66,26.64,539.8,0.1099,4.2105,101.9758
2022,Malaysia,MYS,Services,2.17,59.3,32.66,26.64,539.8,0.1099,4.2105,101.9758
2022,Malaysia,MYS,Chemicals,11.88,59.3,32.66,26.64,539.8,0.1099,4.2105,101.9758
2022,Malaysia,MYS,Oil & Gas,8.82,59.3,32.66,26.64,539.8,0.1099,4.2105,101.9758
2022,Malaysia,MYS,Agri,6.94,59.3,32.66,26.64,539.8,0.1099,4.2105,101.9758
2022,Indonesia,IDN,Electronics,7.9,55.32,23.36,31.96,539.8,0.1025,-0.7893,113.9213
2022,Indonesia,IDN,Services,1.16,55.32,23.36,31.96,539.8,0.1025,-0.7893,113.9213
2022,Indonesia,IDN,Chemicals,7.56,55.32,23.36,31.96,539.8,0.1025,-0.7893,113.9213
2022,Indonesia,IDN,Oil & Gas,1.79,55.32,23.36,31.96,539.8,0.1025,-0.7893,113.9213
2022,Indonesia,IDN,Agri,2.66,55.32,23.36,31.96,539.8,0.1025,-0.7893,113.9213
2022,Germany,DEU,Electronics,11.44,15.88,8.41,7.47,539.8,0.0294,51.1657,10.4515
2022,Germany,DEU,Services,9.17,15.88,8.41,7.47,539.8,0.0294,51.1657,10.4515
2022,Germany,DEU,Chemicals,14.47,15.88,8.41,7.47,539.8,0.0294,51.1657,10.4515
2022,Germany,DEU,Oil & Gas,6.25,15.88,8.41,7.47,539.8,0.0294,51.1657,10.4515
2022,Germany,DEU,Agri,5.0,15.88,8.41,7.47,539.8,0.0294,51.1657,10.4515
2022,India,IND,Electronics,14.49,53.43,23.76,29.67,539.8,0.099,20.5937,78.9629
2022,India,IND,Services,1.17,53.43,23.76,29.67,539.8,0.099,20.5937,78.9629
2022,India,IND,Chemicals,14.58,53.43,23.76,29.67,539.8,0.099,20.5937,78.9629
2022,India,IND,Oil & Gas,1.6,53.43,23.76,29.67,539.8,0.099,20.5937,78.9629
2022,India,IND,Agri,13.48,53.43,23.76,29.67,539.8,0.099,20.5937,78.9629
2022,Vietnam,VNM,Electronics,2.03,36.39,21.78,14.61,539.8,0.0674,14.0583,108.2772
2022,Vietnam,VNM,Services,8.75,36.39,21.78,14.61,539.8,0.0674,14.0583,108.2772
2022,Vietnam,VNM,Chemicals,14.57,36.39,21.78,14.61,539.8,0.0674,14.0583,108.2772
2022,Vietnam,VNM,Oil & Gas,8.32,36.39,21.78,14.61,539.8,0.0674,14.0583,108.2772
2022,Vietnam,VNM,Agri,9.81,36.39,21.78,14.61,539.8,0.0674,14.0583,108.2772
2022,Australia,AUS,Electronics,9.79,44.79,21.99,22.8,539.8,0.083,-25.2744,133.7751
2022,Australia,AUS,Services,9.18,44.79,21.99,22.8,539.8,0.083,-25.2744,133.7751
2022,Australia,AUS,Chemicals,13.62,44.79,21.99,22.8,539.8,0.083,-25.2744,133.7751
2022,Australia,AUS,Oil & Gas,1.64,44.79,21.99,22.8,539.8,0.083,-25.2744,133.7751
2022,Australia,AUS,Agri,4.93,44.79,21.99,22.8,539.8,0.083,-25.2744,133.7751
2022,Japan,JPN,Electronics,7.38,57.52,33.25,24.27,539.8,0.1066,36.2048,138.2529
2022,Japan,JPN,Services,9.68,57.52,33.25,24.27,539.8,0.1066,36.2048,138.2529
2022,Japan,JPN,Chemicals,4.88,57.52,33.25,24.27,539.8,0.1066,36.2048,138.2529
2022,Japan,JPN,Oil & Gas,3.63,57.52,33.25,24.27,539.8,0.1066,36.2048,138.2529
2022,Japan,JPN,Agri,7.49,57.52,33.25,24.27,539.8,0.1066,36.2048,138.2529
2022,UK,GBR,Electronics,2.09,27.67,14.3,13.37,539.8,0.0513,55.3781,-3.436
2022,UK,GBR,Services,14.64,27.67,14.3,13.37,539.8,0.0513,55.3781,-3.436
2022,UK,GBR,Chemicals,14.81,27.67,14.3,13.37,539.8,0.0513,55.3781,-3.436
2022,UK,GBR,Oil & Gas,10.77,27.67,14.3,13.37,539.8,0.0513,55.3781,-3.436
2022,UK,GBR,Agri,8.51,27.67,14.3,13.37,539.8,0.0513,55.3781,-3.436
2022,France,FRA,Electronics,10.59,25.48,14.34,11.14,539.8,0.0472,46.6034,1.8883
2022,France,FRA,Services,3.28,25.48,14.34,11.14,539.8,0.0472,46.6034,1.8883
2022,France,FRA,Chemicals,13.75,25.48,14.34,11.14,539.8,0.0472,46.6034,1.8883
2022,France,FRA,Oil & Gas,12.52,25.48,14.34,11.14,539.8,0.0472,46.6034,1.8883
2022,France,FRA,Agri,14.3,25.48,14.34,11.14,539.8,0.0472,46.6034,1.8883
2022,Brazil,BRA,Electronics,6.86,46.29,24.19,22.1,539.8,0.0858,-14.235,-51.9253
2022,Brazil,BRA,Services,14.06,46.29,24.19,22.1,539.8,0.0858,-14.235,-51.9253
2022,Brazil,BRA,Chemicals,13.12,46.29,24.19,22.1,539.8,0.0858,-14.235,-51.9253
2022,Brazil,BRA,Oil & Gas,1.63,46.29,24.19,22.1,539.8,0.0858,-14.235,-51.9253
2022,Brazil,BRA,Agri,1.37,46.29,24.19,22.1,539.8,0.0858,-14.235,-51.9253
2022,South Korea,KOR,Electronics,14.82,28.82,16.2,12.62,539.8,0.0534,35.9078,127.7669
2022,South Korea,KOR,Services,3.11,28.82,16.2,12.62,539.8,0.0534,35.9078,127.7669
2022,South Korea,KOR,Chemicals,9.32,28.82,16.2,12.62,539.8,0.0534,35.9078,127.7669
2022,South Korea,KOR,Oil & Gas,6.33,28.82,16.2,12.62,539.8,0.0534,35.9078,127.7669
2022,South Korea,KOR,Agri,14.58,28.82,16.2,12.62,539.8,0.0534,35.9078,127.7669
2022,Mexico,MEX,Electronics,7.56,52.11,29.58,22.53,539.8,0.0965,23.6345,-102.5528
2022,Mexico,MEX,Services,6.81,52.11,29.58,22.53,539.8,0.0965,23.6345,-102.5528
2022,Mexico,MEX,Chemicals,4.83,52.11,29.58,22.53,539.8,0.0965,23.6345,-102.5528
2022,Mexico,MEX,Oil & Gas,1.79,52.11,29.58,22.53,539.8,0.0965,23.6345,-102.5528
2022,Mexico,MEX,Agri,13.11,52.11,29.58,22.53,539.8,0.0965,23.6345,-102.5528
2022,Russia,RUS,Electronics,14.95,50.65,30.39,20.26,539.8,0.0938,61.524,105.3188
2022,Russia,RUS,Services,8.78,50.65,30.39,20.26,539.8,0.0938,61.524,105.3188
2022,Russia,RUS,Chemicals,11.77,50.65,30.39,20.26,539.8,0.0938,61.524,105.3188
2022,Russia,RUS,Oil & Gas,14.23,50.65,30.39,20.26,539.8,0.0938,61.524,105.3188
2022,Russia,RUS,Agri,12.9,50.65,30.39,20.26,539.8,0.0938,61.524,105.3188
2022,Canada,CAN,Electronics,2.81,22.37,10.96,11.41,539.8,0.0414,56.1304,-106.3468
2022,Canada,CAN,Services,14.36,22.37,10.96,11.41,539.8,0.0414,56.1304,-106.3468
2022,Canada,CAN,Chemicals,9.49,22.37,10.96,11.41,539.8,0.0414,56.1304,-106.3468
2022,Canada,CAN,Oil & Gas,4.2,22.37,10.96,11.41,539.8,0.0414,56.1304,-106.3468
2022,Canada,CAN,Agri,10.4,22.37,10.96,11.41,539.8,0.0414,56.1304,-106.3468
2022,Italy,ITA,Electronics,2.59,40.91,19.29,21.62,539.8,0.0758,41.8719,12.5674
2022,Italy,ITA,Services,10.4,40.91,19.29,21.62,539.8,0.0758,41.8719,12.5674
2022,Italy,ITA,Chemicals,8.28,40.91,19.29,21.62,539.8,0.0758,41.8719,12.5674
2022,Italy,ITA,Oil & Gas,11.81,40.91,19.29,21.62,539.8,0.0758,41.8719,12.5674
2022,Italy,ITA,Agri,8.28,40.91,19.29,21.62,539.8,0.0758,41.8719,12.5674
2022,Spain,ESP,Electronics,8.85,52.61,26.85,25.76,539.8,0.0975,40.4637,-3.7492
2022,Spain,ESP,Services,13.27,52.61,26.85,25.76,539.8,0.0975,40.4637,-3.7492
2022,Spain,ESP,Chemicals,6.65,52.61,26.85,25.76,539.8,0.0975,40.4637,-3.7492
2022,Spain,ESP,Oil & Gas,2.88,52.61,26.85,25.76,539.8,0.0975,40.4637,-3.7492
2022,Spain,ESP,Agri,1.4,52.61,26.85,25.76,539.8,0.0975,40.4637,-3.7492
2022,Thailand,THA,Electronics,10.86,47.76,25.03,22.73,539.8,0.0885,15.87,100.9925
2022,Thailand,THA,Services,3.98,47.76,25.03,22.73,539.8,0.0885,15.87,100.9925
2022,Thailand,THA,Chemicals,2.91,47.76,25.03,22.73,539.8,0.0885,15.87,100.9925
2022,Thailand,THA,Oil & Gas,1.2,47.76,25.03,22.73,539.8,0.0885,15.87,100.9925
2022,Thailand,THA,Agri,5.91,47.76,25.03,22.73,539.8,0.0885,15.87,100.9925
2022,Netherlands,NLD,Electronics,7.12,39.5,18.9,20.6,539.8,0.0732,52.1326,5.2913
2022,Netherlands,NLD,Services,13.66,39.5,18.9,20.6,539.8,0.0732,52.1326,5.2913
2022,Netherlands,NLD,Chemicals,5.88,39.5,18.9,20.6,539.8,0.0732,52.1326,5.2913
2022,Netherlands,NLD,Oil & Gas,8.2,39.5,18.9,20.6,539.8,0.0732,52.1326,5.2913
2022,Netherlands,NLD,Agri,11.97,39.5,18.9,20.6,539.8,0.0732,52.1326,5.2913
2023,China,CHN,Electronics,13.07,29.83,15.64,14.19,473.4,0.063,35.8617,104.1954
2023,China,CHN,Services,14.29,29.83,15.64,14.19,473.4,0.063,35.8617,104.1954
2023,China,CHN,Chemicals,3.06,29.83,15.64,14.19,473.4,0.063,35.8617,104.1954
2023,China,CHN,Oil & Gas,13.97,29.83,15.64,14.19,473.4,0.063,35.8617,104.1954
2023,China,CHN,Agri,7.89,29.83,15.64,14.19,473.4,0.063,35.8617,104.1954
2023,USA,USA,Electronics,14.72,22.91,11.27,11.64,473.4,0.0484,37.0902,-95.7129
2023,USA,USA,Services,7.9,22.91,11.27,11.64,473.4,0.0484,37.0902,-95.7129
2023,USA,USA,Chemicals,5.6,22.91,11.27,11.64,473.4,0.0484,37.0902,-95.7129
2023,USA,USA,Oil & Gas,9.87,22.91,11.27,11.64,473.4,0.0484,37.0902,-95.7129
2023,USA,USA,Agri,4.36,22.91,11.27,11.64,473.4,0.0484,37.0902,-95.7129
2023,Malaysia,MYS,Electronics,2.79,13.79,5.87,7.92,473.4,0.0291,4.2105,101.9758
2023,Malaysia,MYS,Services,3.13,13.79,5.87,7.92,473.4,0.0291,4.2105,101.9758
2023,Malaysia,MYS,Chemicals,2.94,13.79,5.87,7.92,473.4,0.0291,4.2105,101.9758
2023,Malaysia,MYS,Oil & Gas,9.97,13.79,5.87,7.92,473.4,0.0291,4.2105,101.9758
2023,Malaysia,MYS,Agri,3.55,13.79,5.87,7.92,473.4,0.0291,4.2105,101.9758
2023,Indonesia,IDN,Electronics,7.64,27.28,15.8,11.48,473.4,0.0576,-0.7893,113.9213
2023,Indonesia,IDN,Services,10.35,27.28,15.8,11.48,473.4,0.0576,-0.7893,113.9213
2023,Indonesia,IDN,Chemicals,3.41,27.28,15.8,11.48,473.4,0.0576,-0.7893,113.9213
2023,Indonesia,IDN,Oil & Gas,3.69,27.28,15.8,11.48,473.4,0.0576,-0.7893,113.9213
2023,Indonesia,IDN,Agri,1.57,27.28,15.8,11.48,473.4,0.0576,-0.7893,113.9213
2023,Germany,DEU,Electronics,3.48,18.45,8.41,10.04,473.4,0.039,51.1657,10.4515
2023,Germany,DEU,Services,2.24,18.45,8.41,10.04,473.4,0.039,51.1657,10.4515
2023,Germany,DEU,Chemicals,2.69,18.45,8.41,10.04,473.4,0.039,51.1657,10.4515
2023,Germany,DEU,Oil & Gas,7.45,18.45,8.41,10.04,473.4,0.039,51.1657,10.4515
2023,Germany,DEU,Agri,3.89,18.45,8.41,10.04,473.4,0.039,51.1657,10.4515
2023,India,IND,Electronics,10.67,28.21,14.12,14.09,473.4,0.0596,20.5937,78.9629
2023,India,IND,Services,1.55,28.21,14.12,14.09,473.4,0.0596,20.5937,78.9629
2023,India,IND,Chemicals,12.19,28.21,14.12,14.09,473.4,0.0596,20.5937,78.9629
2023,India,IND,Oil & Gas,9.79,28.21,14.12,14.09,473.4,0.0596,20.5937,78.9629
2023,India,IND,Agri,2.14,28.21,14.12,14.09,473.4,0.0596,20.5937,78.9629
2023,Vietnam,VNM,Electronics,1.86,53.68,31.36,22.32,473.4,0.1134,14.0583,108.2772
2023,Vietnam,VNM,Services,4.88,53.68,31.36,22.32,473.4,0.1134,14.0583,108.2772
2023,Vietnam,VNM,Chemicals,12.29,53.68,31.36,22.32,473.4,0.1134,14.0583,108.2772
2023,Vietnam,VNM,Oil & Gas,11.48,53.68,31.36,22.32,473.4,0.1134,14.0583,108.2772
2023,Vietnam,VNM,Agri,3.58,53.68,31.36,22.32,473.4,0.1134,14.0583,108.2772
2023,Australia,AUS,Electronics,7.78,20.47,9.7,10.77,473.4,0.0432,-25.2744,133.7751
2023,Australia,AUS,Services,9.66,20.47,9.7,10.77,473.4,0.0432,-25.2744,133.7751
2023,Australia,AUS,Chemicals,6.16,20.47,9.7,10.77,473.4,0.0432,-25.2744,133.7751
2023,Australia,AUS,Oil & Gas,7.48,20.47,9.7,10.77,473.4,0.0432,-25.2744,133.7751
2023,Australia,AUS,Agri,11.46,20.47,9.7,10.77,473.4,0.0432,-25.2744,133.7751
2023,Japan,JPN,Electronics,10.99,11.83,5.33,6.5,473.4,0.025,36.2048,138.2529
2023,Japan,JPN,Services,13.53,11.83,5.33,6.5,473.4,0.025,36.2048,138.2529
2023,Japan,JPN,Chemicals,8.16,11.83,5.33,6.5,473.4,0.025,36.2048,138.2529
2023,Japan,JPN,Oil & Gas,8.45,11.83,5.33,6.5,473.4,0.025,36.2048,138.2529
2023,Japan,JPN,Agri,2.5,11.83,5.33,6.5,473.4,0.025,36.2048,138.2529
2023,UK,GBR,Electronics,4.39,32.37,16.4,15.97,473.4,0.0684,55.3781,-3.436
2023,UK,GBR,Services,4.77,32.37,16.4,15.97,473.4,0.0684,55.3781,-3.436
2023,UK,GBR,Chemicals,6.28,32.37,16.4,15.97,473.4,0.0684,55.3781,-3.436
2023,UK,GBR,Oil & Gas,1.28,32.37,16.4,15.97,473.4,0.0684,55.3781,-3.436
2023,UK,GBR,Agri,5.51,32.37,16.4,15.97,473.4,0.0684,55.3781,-3.436
2023,France,FRA,Electronics,2.68,20.57,9.58,10.99,473.4,0.0435,46.6034,1.8883
2023,France,FRA,Services,13.47,20.57,9.58,10.99,473.4,0.0435,46.6034,1.8883
2023,France,FRA,Chemicals,9.31,20.57,9.58,10.99,473.4,0.0435,46.6034,1.8883
2023,France,FRA,Oil & Gas,10.51,20.57,9.58,10.99,473.4,0.0435,46.6034,1.8883
2023,France,FRA,Agri,12.05,20.57,9.58,10.99,473.4,0.0435,46.6034,1.8883
2023,Brazil,BRA,Electronics,8.52,34.92,14.58,20.34,473.4,0.0738,-14.235,-51.9253
2023,Brazil,BRA,Services,9.22,34.92,14.58,20.34,473.4,0.0738,-14.235,-51.9253
2023,Brazil,BRA,Chemicals,11.44,34.92,14.58,20.34,473.4,0.0738,-14.235,-51.9253
2023,Brazil,BRA,Oil & Gas,7.04,34.92,14.58,20.34,473.4,0.0738,-14.235,-51.9253
2023,Brazil,BRA,Agri,2.79,34.92,14.58,20.34,473.4,0.0738,-14.235,-51.9253
2023,South Korea,KOR,Electronics,10.04,24.19,11.43,12.76,473.4,0.0511,35.9078,127.7669
2023,South Korea,KOR,Services,8.99,24.19,11.43,12.76,473.4,0.0511,35.9078,127.7669
2023,South Korea,KOR,Chemicals,5.99,24.19,11.43,12.76,473.4,0.0511,35.9078,127.7669
2023,South Korea,KOR,Oil & Gas,14.81,24.19,11.43,12.76,473.4,0.0511,35.9078,127.7669
2023,South Korea,KOR,Agri,9.48,24.19,11.43,12.76,473.4,0.0511,35.9078,127.7669
2023,Mexico,MEX,Electronics,3.14,21.86,9.19,12.67,473.4,0.0462,23.6345,-102.5528
2023,Mexico,MEX,Services,4.44,21.86,9.19,12.67,473.4,0.0462,23.6345,-102.5528
2023,Mexico,MEX,Chemicals,3.25,21.86,9.19,12.67,473.4,0.0462,23.6345,-102.5528
2023,Mexico,MEX,Oil & Gas,3.61,21.86,9.19,12.67,473.4,0.0462,23.6345,-102.5528
2023,Mexico,MEX,Agri,4.99,21.86,9.19,12.67,473.4,0.0462,23.6345,-102.5528
2023,Russia,RUS,Electronics,2.12,18.67,10.82,7.85,473.4,0.0394,61.524,105.3188
2023,Russia,RUS,Services,8.34,18.67,10.82,7.85,473.4,0.0394,61.524,105.3188
2023,Russia,RUS,Chemicals,6.75,18.67,10.82,7.85,473.4,0.0394,61.524,105.3188
2023,Russia,RUS,Oil & Gas,14.75,18.67,10.82,7.85,473.4,0.0394,61.524,105.3188
2023,Russia,RUS,Agri,2.57,18.67,10.82,7.85,473.4,0.0394,61.524,105.3188
2023,Canada,CAN,Electronics,13.12,29.89,17.75,12.14,473.4,0.0631,56.1304,-106.3468
2023,Canada,CAN,Services,12.44,29.89,17.75,12.14,473.4,0.0631,56.1304,-106.3468
2023,Canada,CAN,Chemicals,4.61,29.89,17.75,12.14,473.4,0.0631,56.1304,-106.3468
2023,Canada,CAN,Oil & Gas,3.39,29.89,17.75,12.14,473.4,0.0631,56.1304,-106.3468
2023,Canada,CAN,Agri,10.36,29.89,17.75,12.14,473.4,0.0631,56.1304,-106.3468
2023,Italy,ITA,Electronics,9.0,56.47,28.88,27.59,473.4,0.1193,41.8719,12.5674
2023,Italy,ITA,Services,4.92,56.47,28.88,27.59,473.4,0.1193,41.8719,12.5674
2023,Italy,ITA,Chemicals,11.77,56.47,28.88,27.59,473.4,0.1193,41.8719,12.5674
2023,Italy,ITA,Oil & Gas,3.62,56.47,28.88,27.59,473.4,0.1193,41.8719,12.5674
2023,Italy,ITA,Agri,5.53,56.47,28.88,27.59,473.4,0.1193,41.8719,12.5674
2023,Spain,ESP,Electronics,4.39,31.27,15.68,15.59,473.4,0.0661,40.4637,-3.7492
2023,Spain,ESP,Services,2.61,31.27,15.68,15.59,473.4,0.0661,40.4637,-3.7492
2023,Spain,ESP,Chemicals,9.55,31.27,15.68,15.59,473.4,0.0661,40.4637,-3.7492
2023,Spain,ESP,Oil & Gas,5.04,31.27,15.68,15.59,473.4,0.0661,40.4637,-3.7492
2023,Spain,ESP,Agri,9.14,31.27,15.68,15.59,473.4,0.0661,40.4637,-3.7492
2023,Thailand,THA,Electronics,8.46,17.72,8.79,8.93,473.4,0.0374,15.87,100.9925
2023,Thailand,THA,Services,1.73,17.72,8.79,8.93,473.4,0.0374,15.87,100.9925
2023,Thailand,THA,Chemicals,5.71,17.72,8.79,8.93,473.4,0.0374,15.87,100.9925
2023,Thailand,THA,Oil & Gas,2.88,17.72,8.79,8.93,473.4,0.0374,15.87,100.9925
2023,Thailand,THA,Agri,1.89,17.72,8.79,8.93,473.4,0.0374,15.87,100.9925
2023,Netherlands,NLD,Electronics,12.34,59.5,27.64,31.86,473.4,0.1257,52.1326,5.2913
2023,Netherlands,NLD,Services,4.56,59.5,27.64,31.86,473.4,0.1257,52.1326,5.2913
2023,Netherlands,NLD,Chemicals,10.54,59.5,27.64,31.86,473.4,0.1257,52.1326,5.2913
2023,Netherlands,NLD,Oil & Gas,11.64,59.5,27.64,31.86,473.4,0.1257,52.1326,5.2913
2023,Netherlands,NLD,Agri,9.34,59.5,27.64,31.86,473.4,0.1257,52.1326,5.2913
2024,China,CHN,Electronics,5.88,33.58,16.2,17.38,473.4,0.0709,35.8617,104.1954
2024,China,CHN,Services,14.01,33.58,16.2,17.38,473.4,0.0709,35.8617,104.1954
2024,China,CHN,Chemicals,12.63,33.58,16.2,17.38,473.4,0.0709,35.8617,104.1954
2024,China,CHN,Oil & Gas,14.51,33.58,16.2,17.38,473.4,0.0709,35.8617,104.1954
2024,China,CHN,Agri,2.74,33.58,16.2,17.38,473.4,0.0709,35.8617,104.1954
2024,USA,USA,Electronics,3.54,46.54,27.35,19.19,473.4,0.0983,37.0902,-95.7129
2024,USA,USA,Services,1.93,46.54,27.35,19.19,473.4,0.0983,37.0902,-95.7129
2024,USA,USA,Chemicals,11.38,46.54,27.35,19.19,473.4,0.0983,37.0902,-95.7129
2024,USA,USA,Oil & Gas,9.04,46.54,27.35,19.19,473.4,0.0983,37.0902,-95.7129
2024,USA,USA,Agri,12.79,46.54,27.35,19.19,473.4,0.0983,37.0902,-95.7129
2024,Malaysia,MYS,Electronics,3.82,16.99,9.5,7.49,473.4,0.0359,4.2105,101.9758
2024,Malaysia,MYS,Services,3.29,16.99,9.5,7.49,473.4,0.0359,4.2105,101.9758
2024,Malaysia,MYS,Chemicals,3.3,16.99,9.5,7.49,473.4,0.0359,4.2105,101.9758
2024,Malaysia,MYS,Oil & Gas,12.4,16.99,9.5,7.49,473.4,0.0359,4.2105,101.9758
2024,Malaysia,MYS,Agri,10.31,16.99,9.5,7.49,473.4,0.0359,4.2105,101.9758
2024,Indonesia,IDN,Electronics,13.28,36.15,17.05,19.1,473.4,0.0764,-0.7893,113.9213
2024,Indonesia,IDN,Services,6.49,36.15,17.05,19.1,473.4,0.0764,-0.7893,113.9213
2024,Indonesia,IDN,Chemicals,12.43,36.15,17.05,19.1,473.4,0.0764,-0.7893,113.9213
2024,Indonesia,IDN,Oil & Gas,7.15,36.15,17.05,19.1,473.4,0.0764,-0.7893,113.9213
2024,Indonesia,IDN,Agri,6.28,36.15,17.05,19.1,473.4,0.0764,-0.7893,113.9213
2024,Germany,DEU,Electronics,11.47,33.13,15.25,17.88,473.4,0.07,51.1657,10.4515
2024,Germany,DEU,Services,8.04,33.13,15.25,17.88,473.4,0.07,51.1657,10.4515
2024,Germany,DEU,Chemicals,4.25,33.13,15.25,17.88,473.4,0.07,51.1657,10.4515
2024,Germany,DEU,Oil & Gas,13.59,33.13,15.25,17.88,473.4,0.07,51.1657,10.4515
2024,Germany,DEU,Agri,6.37,33.13,15.25,17.88,473.4,0.07,51.1657,10.4515
2024,India,IND,Electronics,9.74,37.18,21.61,15.57,473.4,0.0785,20.5937,78.9629
2024,India,IND,Services,2.64,37.18,21.61,15.57,473.4,0.0785,20.5937,78.9629
2024,India,IND,Chemicals,14.16,37.18,21.61,15.57,473.4,0.0785,20.5937,78.9629
2024,India,IND,Oil & Gas,9.79,37.18,21.61,15.57,473.4,0.0785,20.5937,78.9629
2024,India,IND,Agri,5.69,37.18,21.61,15.57,473.4,0.0785,20.5937,78.9629
2024,Vietnam,VNM,Electronics,9.68,16.96,9.48,7.48,473.4,0.0358,14.0583,108.2772
2024,Vietnam,VNM,Services,8.47,16.96,9.48,7.48,473.4,0.0358,14.0583,108.2772
2024,Vietnam,VNM,Chemicals,13.51,16.96,9.48,7.48,473.4,0.0358,14.0583,108.2772
2024,Vietnam,VNM,Oil & Gas,12.04,16.96,9.48,7.48,473.4,0.0358,14.0583,108.2772
2024,Vietnam,VNM,Agri,3.12,16.96,9.48,7.48,473.4,0.0358,14.0583,108.2772
2024,Australia,AUS,Electronics,11.42,25.59,11.51,14.08,473.4,0.0541,-25.2744,133.7751
2024,Australia,AUS,Services,1.47,25.59,11.51,14.08,473.4,0.0541,-25.2744,133.7751
2024,Australia,AUS,Chemicals,8.98,25.59,11.51,14.08,473.4,0.0541,-25.2744,133.7751
2024,Australia,AUS,Oil & Gas,11.67,25.59,11.51,14.08,473.4,0.0541,-25.2744,133.7751
2024,Australia,AUS,Agri,13.27,25.59,11.51,14.08,473.4,0.0541,-25.2744,133.7751
2024,Japan,JPN,Electronics,2.55,27.1,15.29,11.81,473.4,0.0572,36.2048,138.2529
2024,Japan,JPN,Services,12.85,27.1,15.29,11.81,473.4,0.0572,36.2048,138.2529
2024,Japan,JPN,Chemicals,2.78,27.1,15.29,11.81,473.4,0.0572,36.2048,138.2529
2024,Japan,JPN,Oil & Gas,6.56,27.1,15.29,11.81,473.4,0.0572,36.2048,138.2529
2024,Japan,JPN,Agri,12.16,27.1,15.29,11.81,473.4,0.0572,36.2048,138.2529
2024,UK,GBR,Electronics,11.11,17.5,7.8,9.7,473.4,0.037,55.3781,-3.436
2024,UK,GBR,Services,11.08,17.5,7.8,9.7,473.4,0.037,55.3781,-3.436
2024,UK,GBR,Chemicals,9.98,17.5,7.8,9.7,473.4,0.037,55.3781,-3.436
2024,UK,GBR,Oil & Gas,10.72,17.5,7.8,9.7,473.4,0.037,55.3781,-3.436
2024,UK,GBR,Agri,8.6,17.5,7.8,9.7,473.4,0.037,55.3781,-3.436
2024,France,FRA,Electronics,3.54,22.59,10.6,11.99,473.4,0.0477,46.6034,1.8883
2024,France,FRA,Services,13.72,22.59,10.6,11.99,473.4,0.0477,46.6034,1.8883
2024,France,FRA,Chemicals,9.17,22.59,10.6,11.99,473.4,0.0477,46.6034,1.8883
2024,France,FRA,Oil & Gas,6.61,22.59,10.6,11.99,473.4,0.0477,46.6034,1.8883
2024,France,FRA,Agri,7.47,22.59,10.6,11.99,473.4,0.0477,46.6034,1.8883
2024,Brazil,BRA,Electronics,9.21,57.36,24.7,32.66,473.4,0.1212,-14.235,-51.9253
2024,Brazil,BRA,Services,8.08,57.36,24.7,32.66,473.4,0.1212,-14.235,-51.9253
2024,Brazil,BRA,Chemicals,9.56,57.36,24.7,32.66,473.4,0.1212,-14.235,-51.9253
2024,Brazil,BRA,Oil & Gas,1.25,57.36,24.7,32.66,473.4,0.1212,-14.235,-51.9253
2024,Brazil,BRA,Agri,13.21,57.36,24.7,32.66,473.4,0.1212,-14.235,-51.9253
2024,South Korea,KOR,Electronics,10.75,56.61,29.04,27.57,473.4,0.1196,35.9078,127.7669
2024,South Korea,KOR,Services,13.91,56.61,29.04,27.57,473.4,0.1196,35.9078,127.7669
2024,South Korea,KOR,Chemicals,10.9,56.61,29.04,27.57,473.4,0.1196,35.9078,127.7669
2024,South Korea,KOR,Oil & Gas,3.14,56.61,29.04,27.57,473.4,0.1196,35.9078,127.7669
2024,South Korea,KOR,Agri,9.07,56.61,29.04,27.57,473.4,0.1196,35.9078,127.7669
2024,Mexico,MEX,Electronics,11.31,40.34,19.56,20.78,473.4,0.0852,23.6345,-102.5528
2024,Mexico,MEX,Services,14.08,40.34,19.56,20.78,473.4,0.0852,23.6345,-102.5528
2024,Mexico,MEX,Chemicals,13.96,40.34,19.56,20.78,473.4,0.0852,23.6345,-102.5528
2024,Mexico,MEX,Oil & Gas,7.31,40.34,19.56,20.78,473.4,0.0852,23.6345,-102.5528
2024,Mexico,MEX,Agri,2.59,40.34,19.56,20.78,473.4,0.0852,23.6345,-102.5528
2024,Russia,RUS,Electronics,2.75,59.24,33.64,25.6,473.4,0.1251,61.524,105.3188
2024,Russia,RUS,Services,13.89,59.24,33.64,25.6,473.4,0.1251,61.524,105.3188
2024,Russia,RUS,Chemicals,13.18,59.24,33.64,25.6,473.4,0.1251,61.524,105.3188
2024,Russia,RUS,Oil & Gas,8.26,59.24,33.64,25.6,473.4,0.1251,61.524,105.3188
2024,Russia,RUS,Agri,9.28,59.24,33.64,25.6,473.4,0.1251,61.524,105.3188
2024,Canada,CAN,Electronics,5.69,29.95,12.31,17.64,473.4,0.0633,56.1304,-106.3468
2024,Canada,CAN,Services,12.24,29.95,12.31,17.64,473.4,0.0633,56.1304,-106.3468
2024,Canada,CAN,Chemicals,1.06,29.95,12.31,17.64,473.4,0.0633,56.1304,-106.3468
2024,Canada,CAN,Oil & Gas,5.67,29.95,12.31,17.64,473.4,0.0633,56.1304,-106.3468
2024,Canada,CAN,Agri,6.57,29.95,12.31,17.64,473.4,0.0633,56.1304,-106.3468
2024,Italy,ITA,Electronics,5.85,36.87,21.53,15.34,473.4,0.0779,41.8719,12.5674
2024,Italy,ITA,Services,5.86,36.87,21.53,15.34,473.4,0.0779,41.8719,12.5674
2024,Italy,ITA,Chemicals,11.33,36.87,21.53,15.34,473.4,0.0779,41.8719,12.5674
2024,Italy,ITA,Oil & Gas,7.33,36.87,21.53,15.34,473.4,0.0779,41.8719,12.5674
2024,Italy,ITA,Agri,4.14,36.87,21.53,15.34,473.4,0.0779,41.8719,12.5674
2024,Spain,ESP,Electronics,3.47,32.62,13.97,18.65,473.4,0.0689,40.4637,-3.7492
2024,Spain,ESP,Services,7.98,32.62,13.97,18.65,473.4,0.0689,40.4637,-3.7492
2024,Spain,ESP,Chemicals,6.86,32.62,13.97,18.65,473.4,0.0689,40.4637,-3.7492
2024,Spain,ESP,Oil & Gas,13.81,32.62,13.97,18.65,473.4,0.0689,40.4637,-3.7492
2024,Spain,ESP,Agri,6.07,32.62,13.97,18.65,473.4,0.0689,40.4637,-3.7492
2024,Thailand,THA,Electronics,1.18,39.03,20.55,18.48,473.4,0.0824,15.87,100.9925
2024,Thailand,THA,Services,10.29,39.03,20.55,18.48,473.4,0.0824,15.87,100.9925
2024,Thailand,THA,Chemicals,3.49,39.03,20.55,18.48,473.4,0.0824,15.87,100.9925
2024,Thailand,THA,Oil & Gas,14.45,39.03,20.55,18.48,473.4,0.0824,15.87,100.9925
2024,Thailand,THA,Agri,3.08,39.03,20.55,18.48,473.4,0.0824,15.87,100.9925
2024,Netherlands,NLD,Electronics,14.96,30.73,12.82,17.91,473.4,0.0649,52.1326,5.2913
2024,Netherlands,NLD,Services,8.03,30.73,12.82,17.91,473.4,0.0649,52.1326,5.2913
2024,Netherlands,NLD,Chemicals,9.34,30.73,12.82,17.91,473.4,0.0649,52.1326,5.2913
2024,Netherlands,NLD,Oil & Gas,1.94,30.73,12.82,17.91,473.4,0.0649,52.1326,5.2913
2024,Netherlands,NLD,Agri,11.5,30.73,12.82,17.91,473.4,0.0649,52.1326,5.2913
2025,China,CHN,Electronics,3.87,20.5,11.88,8.62,458.71,0.0447,35.8617,104.1954
2025,China,CHN,Services,3.67,20.5,11.88,8.62,458.71,0.0447,35.8617,104.1954
2025,China,CHN,Chemicals,1.51,20.5,11.88,8.62,458.71,0.0447,35.8617,104.1954
2025,China,CHN,Oil & Gas,7.61,20.5,11.88,8.62,458.71,0.0447,35.8617,104.1954
2025,China,CHN,Agri,8.91,20.5,11.88,8.62,458.71,0.0447,35.8617,104.1954
2025,USA,USA,Electronics,7.35,13.29,7.38,5.91,458.71,0.029,37.0902,-95.7129
2025,USA,USA,Services,8.34,13.29,7.38,5.91,458.71,0.029,37.0902,-95.7129
2025,USA,USA,Chemicals,7.17,13.29,7.38,5.91,458.71,0.029,37.0902,-95.7129
2025,USA,USA,Oil & Gas,6.61,13.29,7.38,5.91,458.71,0.029,37.0902,-95.7129
2025,USA,USA,Agri,8.83,13.29,7.38,5.91,458.71,0.029,37.0902,-95.7129
2025,Malaysia,MYS,Electronics,13.06,17.76,7.75,10.01,458.71,0.0387,4.2105,101.9758
2025,Malaysia,MYS,Services,14.25,17.76,7.75,10.01,458.71,0.0387,4.2105,101.9758
2025,Malaysia,MYS,Chemicals,6.23,17.76,7.75,10.01,458.71,0.0387,4.2105,101.9758
2025,Malaysia,MYS,Oil & Gas,4.79,17.76,7.75,10.01,458.71,0.0387,4.2105,101.9758
2025,Malaysia,MYS,Agri,10.02,17.76,7.75,10.01,458.71,0.0387,4.2105,101.9758
2025,Indonesia,IDN,Electronics,3.19,30.44,12.33,18.11,458.71,0.0664,-0.7893,113.9213
2025,Indonesia,IDN,Services,11.02,30.44,12.33,18.11,458.71,0.0664,-0.7893,113.9213
2025,Indonesia,IDN,Chemicals,10.22,30.44,12.33,18.11,458.71,0.0664,-0.7893,113.9213
2025,Indonesia,IDN,Oil & Gas,1.38,30.44,12.33,18.11,458.71,0.0664,-0.7893,113.9213
2025,Indonesia,IDN,Agri,4.11,30.44,12.33,18.11,458.71,0.0664,-0.7893,113.9213
2025,Germany,DEU,Electronics,1.28,21.55,11.52,10.03,458.71,0.047,51.1657,10.4515
2025,Germany,DEU,Services,2.46,21.55,11.52,10.03,458.71,0.047,51.1657,10.4515
2025,Germany,DEU,Chemicals,12.2,21.55,11.52,10.03,458.71,0.047,51.1657,10.4515
2025,Germany,DEU,Oil & Gas,3.5,21.55,11.52,10.03,458.71,0.047,51.1657,10.4515
2025,Germany,DEU,Agri,10.14,21.55,11.52,10.03,458.71,0.047,51.1657,10.4515
2025,India,IND,Electronics,4.4,21.91,9.2,12.71,458.71,0.0478,20.5937,78.9629
2025,India,IND,Services,11.11,21.91,9.2,12.71,458.71,0.0478,20.5937,78.9629
2025,India,IND,Chemicals,12.98,21.91,9.2,12.71,458.71,0.0478,20.5937,78.9629
2025,India,IND,Oil & Gas,12.62,21.91,9.2,12.71,458.71,0.0478,20.5937,78.9629
2025,India,IND,Agri,6.56,21.91,9.2,12.71,458.71,0.0478,20.5937,78.9629
2025,Vietnam,VNM,Electronics,5.1,43.4,19.14,24.26,458.71,0.0946,14.0583,108.2772
2025,Vietnam,VNM,Services,13.55,43.4,19.14,24.26,458.71,0.0946,14.0583,108.2772
2025,Vietnam,VNM,Chemicals,1.18,43.4,19.14,24.26,458.71,0.0946,14.0583,108.2772
2025,Vietnam,VNM,Oil & Gas,2.2,43.4,19.14,24.26,458.71,0.0946,14.0583,108.2772
2025,Vietnam,VNM,Agri,3.91,43.4,19.14,24.26,458.71,0.0946,14.0583,108.2772
2025,Australia,AUS,Electronics,9.16,11.33,4.94,6.39,458.71,0.0247,-25.2744,133.7751
2025,Australia,AUS,Services,6.9,11.33,4.94,6.39,458.71,0.0247,-25.2744,133.7751
2025,Australia,AUS,Chemicals,13.5,11.33,4.94,6.39,458.71,0.0247,-25.2744,133.7751
2025,Australia,AUS,Oil & Gas,12.44,11.33,4.94,6.39,458.71,0.0247,-25.2744,133.7751
2025,Australia,AUS,Agri,5.79,11.33,4.94,6.39,458.71,0.0247,-25.2744,133.7751
2025,Japan,JPN,Electronics,9.26,22.97,10.93,12.04,458.71,0.0501,36.2048,138.2529
2025,Japan,JPN,Services,4.75,22.97,10.93,12.04,458.71,0.0501,36.2048,138.2529
2025,Japan,JPN,Chemicals,9.74,22.97,10.93,12.04,458.71,0.0501,36.2048,138.2529
2025,Japan,JPN,Oil & Gas,6.73,22.97,10.93,12.04,458.71,0.0501,36.2048,138.2529
2025,Japan,JPN,Agri,8.73,22.97,10.93,12.04,458.71,0.0501,36.2048,138.2529
2025,UK,GBR,Electronics,14.28,31.81,14.6,17.21,458.71,0.0693,55.3781,-3.436
2025,UK,GBR,Services,11.69,31.81,14.6,17.21,458.71,0.0693,55.3781,-3.436
2025,UK,GBR,Chemicals,2.96,31.81,14.6,17.21,458.71,0.0693,55.3781,-3.436
2025,UK,GBR,Oil & Gas,13.16,31.81,14.6,17.21,458.71,0.0693,55.3781,-3.436
2025,UK,GBR,Agri,7.82,31.81,14.6,17.21,458.71,0.0693,55.3781,-3.436
2025,France,FRA,Electronics,6.95,54.73,30.65,24.08,458.71,0.1193,46.6034,1.8883
2025,France,FRA,Services,1.31,54.73,30.65,24.08,458.71,0.1193,46.6034,1.8883
2025,France,FRA,Chemicals,4.76,54.73,30.65,24.08,458.71,0.1193,46.6034,1.8883
2025,France,FRA,Oil & Gas,8.58,54.73,30.65,24.08,458.71,0.1193,46.6034,1.8883
2025,France,FRA,Agri,9.87,54.73,30.65,24.08,458.71,0.1193,46.6034,1.8883
2025,Brazil,BRA,Electronics,12.69,22.89,9.79,13.1,458.71,0.0499,-14.235,-51.9253
2025,Brazil,BRA,Services,14.78,22.89,9.79,13.1,458.71,0.0499,-14.235,-51.9253
2025,Brazil,BRA,Chemicals,8.36,22.89,9.79,13.1,458.71,0.0499,-14.235,-51.9253
2025,Brazil,BRA,Oil & Gas,3.4,22.89,9.79,13.1,458.71,0.0499,-14.235,-51.9253
2025,Brazil,BRA,Agri,4.81,22.89,9.79,13.1,458.71,0.0499,-14.235,-51.9253
2025,South Korea,KOR,Electronics,2.65,10.92,6.36,4.56,458.71,0.0238,35.9078,127.7669
2025,South Korea,KOR,Services,9.07,10.92,6.36,4.56,458.71,0.0238,35.9078,127.7669
2025,South Korea,KOR,Chemicals,4.84,10.92,6.36,4.56,458.71,0.0238,35.9078,127.7669
2025,South Korea,KOR,Oil & Gas,8.76,10.92,6.36,4.56,458.71,0.0238,35.9078,127.7669
2025,South Korea,KOR,Agri,10.12,10.92,6.36,4.56,458.71,0.0238,35.9078,127.7669
2025,Mexico,MEX,Electronics,1.15,51.49,22.72,28.77,458.71,0.1122,23.6345,-102.5528
2025,Mexico,MEX,Services,2.92,51.49,22.72,28.77,458.71,0.1122,23.6345,-102.5528
2025,Mexico,MEX,Chemicals,13.6,51.49,22.72,28.77,458.71,0.1122,23.6345,-102.5528
2025,Mexico,MEX,Oil & Gas,13.23,51.49,22.72,28.77,458.71,0.1122,23.6345,-102.5528
2025,Mexico,MEX,Agri,9.36,51.49,22.72,28.77,458.71,0.1122,23.6345,-102.5528
2025,Russia,RUS,Electronics,3.46,40.03,21.34,18.69,458.71,0.0873,61.524,105.3188
2025,Russia,RUS,Services,13.8,40.03,21.34,18.69,458.71,0.0873,61.524,105.3188
2025,Russia,RUS,Chemicals,6.86,40.03,21.34,18.69,458.71,0.0873,61.524,105.3188
2025,Russia,RUS,Oil & Gas,6.36,40.03,21.34,18.69,458.71,0.0873,61.524,105.3188
2025,Russia,RUS,Agri,8.26,40.03,21.34,18.69,458.71,0.0873,61.524,105.3188
2025,Canada,CAN,Electronics,11.33,12.35,5.35,7.0,458.71,0.0269,56.1304,-106.3468
2025,Canada,CAN,Services,2.16,12.35,5.35,7.0,458.71,0.0269,56.1304,-106.3468
2025,Canada,CAN,Chemicals,9.44,12.35,5.35,7.0,458.71,0.0269,56.1304,-106.3468
2025,Canada,CAN,Oil & Gas,4.43,12.35,5.35,7.0,458.71,0.0269,56.1304,-106.3468
2025,Canada,CAN,Agri,6.45,12.35,5.35,7.0,458.71,0.0269,56.1304,-106.3468
2025,Italy,ITA,Electronics,11.07,24.43,11.51,12.92,458.71,0.0533,41.8719,12.5674
2025,Italy,ITA,Services,5.16,24.43,11.51,12.92,458.71,0.0533,41.8719,12.5674
2025,Italy,ITA,Chemicals,8.93,24.43,11.51,12.92,458.71,0.0533,41.8719,12.5674
2025,Italy,ITA,Oil & Gas,7.66,24.43,11.51,12.92,458.71,0.0533,41.8719,12.5674
2025,Italy,ITA,Agri,10.29,24.43,11.51,12.92,458.71,0.0533,41.8719,12.5674
2025,Spain,ESP,Electronics,4.01,56.84,31.06,25.78,458.71,0.1239,40.4637,-3.7492
2025,Spain,ESP,Services,1.44,56.84,31.06,25.78,458.71,0.1239,40.4637,-3.7492
2025,Spain,ESP,Chemicals,4.67,56.84,31.06,25.78,458.71,0.1239,40.4637,-3.7492
2025,Spain,ESP,Oil & Gas,9.33,56.84,31.06,25.78,458.71,0.1239,40.4637,-3.7492
2025,Spain,ESP,Agri,1.72,56.84,31.06,25.78,458.71,0.1239,40.4637,-3.7492
2025,Thailand,THA,Electronics,5.68,34.82,18.08,16.74,458.71,0.0759,15.87,100.9925
2025,Thailand,THA,Services,11.79,34.82,18.08,16.74,458.71,0.0759,15.87,100.9925
2025,Thailand,THA,Chemicals,2.49,34.82,18.08,16.74,458.71,0.0759,15.87,100.9925
2025,Thailand,THA,Oil & Gas,2.05,34.82,18.08,16.74,458.71,0.0759,15.87,100.9925
2025,Thailand,THA,Agri,11.19,34.82,18.08,16.74,458.71,0.0759,15.87,100.9925
2025,Netherlands,NLD,Electronics,7.09,34.77,18.7,16.07,458.71,0.0758,52.1326,5.2913
2025,Netherlands,NLD,Services,4.45,34.77,18.7,16.07,458.71,0.0758,52.1326,5.2913
2025,Netherlands,NLD,Chemicals,12.47,34.77,18.7,16.07,458.71,0.0758,52.1326,5.2913
2025,Netherlands,NLD,Oil & Gas,12.19,34.77,18.7,16.07,458.71,0.0758,52.1326,5.2913
2025,Netherlands,NLD,Agri,10.73,34.77,18.7,16.07,458.71,0.0758,52.1326,5.2913
