Year,Actor1CountryCode,Actor2CountryCode,AvgTone_Avg
2011,NLD,PHL,6.072193325215447
2020,JPN,MYS,0.0146305655955512
2012,THA,VNM,5.220064793428781
2023,USA,CHE,-0.2856437740212515
2013,HKG,DEU,2.4955058424048726
2017,SGP,MYS,-0.1800278775613515
2021,SGP,ARE,0.8693863887138042
2019,SGP,VNM,0.5610354415351251
2014,KOR,JPN,2.3112859355272217
2017,SGP,VNM,1.183478607432893
2011,CHN,IND,5.859818730353021
2017,DEU,THA,-2.034427370960578
2016,USA,ARE,-0.9912382042945134
2020,KOR,HKG,1.0230769246504794
2020,DEU,KOR,-1.7337079416380878
2012,KOR,SGP,5.6436918103021085
2021,FRA,ARE,0.6504120920381457
2017,VNM,THA,0.3100568068842175
2020,FRA,VNM,-0.907995615466956
2024,USA,CHN,-1.8689057575025552
2016,JPN,PHL,-0.5250888907099508
2016,IDN,FRA,-2.3394265463779624
2007,MYS,ARE,6.579857911438784
2021,VNM,CHE,3.045937225299708
2024,ARE,USA,-0.2830595287030186
2014,IDN,ARE,2.1102735632060967
2017,MYS,AUS,-1.1361641623269767
2006,ARE,KOR,6.321920422790389
2021,CHN,HKG,0.4847705911530548
2016,JPN,SGP,0.6744669845253037
2022,JPN,CHN,-1.3800852309954297
2015,DEU,CHE,-0.2487055030436612
2009,PHL,CHE,5.149712078390704
2019,NLD,IND,0.7964632408171047
2016,CHE,IND,-0.4325996405832461
2006,CHE,CHN,7.13309304065019
2024,THA,CHE,-0.5879639439662658
2019,KOR,VNM,-0.5828294310079468
2009,IND,IDN,5.319127308534106
2017,DEU,CHE,-1.850391992921914
2007,USA,MYS,6.048758132764351
2011,FRA,IDN,5.831887700287178
2016,VNM,USA,-0.980827059592127
2020,KOR,FRA,-1.373323473038298
2017,PHL,FRA,-0.8743099095125597
2011,FRA,MYS,5.637545126976027
2015,KOR,VNM,0.7512316599633032
2014,JPN,ARE,3.790250127515036
2021,IDN,JPN,0.1176929217452317
2024,IND,PHL,0.25280277610759
2007,DEU,NLD,5.341702672774741
2008,KOR,ARE,9.67736882673127
2021,JPN,SGP,-0.075537155237798
2014,JPN,FRA,2.7582062660442106
2008,AUS,ARE,5.725279807562913
2006,DEU,VNM,8.513513513513534
2007,KOR,JPN,5.6048924460364775
2012,KOR,DEU,5.166553209641769
2024,JPN,CHN,-1.3305736779423925
2024,CHN,USA,-1.941305990146192
2009,CHN,IDN,5.999429432062286
2009,SGP,USA,6.265988980849372
2007,SGP,MYS,6.092750215081421
2016,HKG,NLD,0.4
2024,PHL,KOR,1.381669476883013
2010,CHN,CHE,6.056180224433922
2007,FRA,USA,6.108030215524656
2007,PHL,SGP,6.0639769992779815
2021,NLD,SGP,0.4747706401665332
2007,IDN,AUS,5.192611739039486
2012,KOR,CHN,5.106161309166818
2008,CHE,IND,5.998025567366771
2008,MYS,CHE,7.35155969464066
2007,IDN,THA,6.087404999802678
2013,KOR,IND,1.8880793486199592
2010,PHL,FRA,6.44584051257941
2009,VNM,JPN,7.340184778409937
2016,IND,SGP,0.5688599491861207
2014,USA,IDN,2.2403240680104446
2023,FRA,VNM,2.5089204270031975
2012,KOR,IND,5.142425879073359
2012,AUS,IND,5.549717847644536
2020,IND,USA,-1.0947903115551183
2020,JPN,DEU,-1.545116465970486
2021,VNM,PHL,-0.8788164297412092
2023,IDN,KOR,1.8622271433016713
2020,AUS,USA,-1.4777798899409385
2007,HKG,CHN,6.115291058048098
2023,THA,KOR,0.691971729470564
2011,FRA,PHL,5.83824207478429
2011,PHL,IDN,5.7355001930979475
2010,PHL,IDN,5.1208263580247655
2013,PHL,KOR,2.658253981762305
2014,MYS,KOR,2.3992525833039324
2011,KOR,PHL,6.269415660831076
2007,DEU,IDN,6.35316700700262
2009,PHL,THA,5.385089541882544
2007,CHN,KOR,6.061678934186424
2019,SGP,ARE,0.8467711256357928
2022,KOR,IDN,1.1808485183846458
2007,JPN,KOR,5.556261745178852
2015,AUS,USA,-0.4252339216510503
2012,JPN,MYS,5.4283039500444135
2020,CHN,JPN,-1.6417252736984576
2017,PHL,CHN,-1.0901589324169647
2011,NLD,THA,4.56148731840174
2006,AUS,CHE,5.300007797833924
2020,USA,VNM,-1.4882910391873037
2018,MYS,AUS,-0.9504498193828024
2018,IND,FRA,0.4353401924278268
2012,KOR,FRA,4.8554797569639545
2016,USA,PHL,-1.9962943382986031
2022,DEU,AUS,-0.7412586115585617
2006,THA,CHE,4.053037719762016
2012,JPN,NLD,5.074037210273635
2022,CHN,ARE,0.3398439547284047
2014,FRA,CHN,2.7805788281995643
2011,DEU,PHL,5.73339430751972
2021,SGP,CHE,-0.33348874439911
2010,CHN,USA,5.745725942877298
2006,FRA,DEU,5.5786078727076
2008,USA,CHN,5.734658143900069
2018,NLD,VNM,2.775674881540845
2014,KOR,HKG,1.7250040364523314
2016,CHN,DEU,-0.5697485804534994
2011,THA,KOR,6.412034282599288
2013,KOR,FRA,2.579456726935997
2013,THA,CHE,3.393694111423007
2007,ARE,DEU,6.682705874996575
2010,ARE,FRA,5.270266326808175
2021,IDN,KOR,0.4240976745416509
2024,CHE,SGP,-0.8258374696388838
2007,MYS,IDN,5.28396796982981
2014,CHE,KOR,2.9809570774414977
2015,IND,ARE,-0.4821361715133038
2014,IDN,VNM,2.534596170252478
2006,MYS,FRA,6.210411175968813
2020,IDN,JPN,-0.54517814713481
2018,SGP,JPN,0.703678491334074
2020,JPN,FRA,-1.146469311583591
2016,CHE,MYS,-3.871290159617104
2023,AUS,NLD,-0.3610336074092783
2013,CHN,KOR,2.3628532105894173
2009,MYS,NLD,5.066954794640286
2021,CHE,DEU,-0.3301989987643168
2013,AUS,MYS,2.845652656492587
2022,VNM,AUS,1.8068937472271565
2016,FRA,ARE,1.4227798457007574
2015,USA,KOR,-0.5278427795860579
2024,NLD,JPN,0.2115886136040853
2014,JPN,CHN,2.3212944236264788
2007,VNM,KOR,6.23045248602921
2010,IDN,FRA,4.672777648462258
2011,FRA,NLD,5.651875665350308
2017,FRA,MYS,-0.3497927945818352
2010,HKG,CHN,8.25000563737594
2020,AUS,DEU,-1.8209756710387048
2009,FRA,MYS,5.390227620316771
2024,KOR,AUS,0.4264503657426711
2019,FRA,HKG,-5.14018691588785
2012,JPN,SGP,5.502715144671959
2006,JPN,CHE,5.8469154326515556
2019,IND,KOR,1.3745718903738884
2006,FRA,ARE,5.693974911068554
2017,NLD,VNM,1.4491290876583267
2008,JPN,VNM,6.660343381242432
2023,VNM,USA,0.2868377788320613
2021,MYS,FRA,-2.0299174312734083
2007,NLD,JPN,6.8893701496572834
2007,USA,CHN,6.011987156393187
2010,USA,CHE,6.041302822597556
2011,DEU,KOR,5.264570585017613
2016,CHE,DEU,-1.0208093672362952
2023,USA,DEU,-1.2877582447353604
2021,PHL,CHN,-1.6702554962453393
2023,SGP,AUS,1.3282542763757366
2018,DEU,SGP,1.0411600978859958
2006,MYS,DEU,5.4200009585318885
2017,CHN,CHE,0.5649289872210538
2009,NLD,DEU,4.5120077585228096
2018,SGP,CHE,1.052481728311041
2018,HKG,JPN,2.8574858234109506
2018,MYS,NLD,-1.564657511245678
2024,VNM,PHL,0.0217145722474717
2013,NLD,CHE,2.4269019952447226
2022,CHE,JPN,0.8795553135025256
2012,AUS,FRA,5.738534306469829
2013,IDN,VNM,2.583299878471371
2007,CHE,JPN,6.907475762559638
2022,MYS,DEU,-1.509212013430977
2007,CHE,PHL,7.2963643061734205
2018,IND,MYS,-1.2589928494162796
2008,DEU,ARE,7.296836150748637
2013,JPN,CHE,3.112092159077117
2021,AUS,CHN,-2.6448378512789974
2016,AUS,FRA,-1.1505959358452893
2011,VNM,KOR,6.900064843935041
2011,CHN,VNM,5.805207784472766
2019,SGP,NLD,1.45042841596108
2007,VNM,NLD,3.64583333333333
2020,SGP,MYS,-0.5645591841901078
2007,CHN,ARE,7.288888272047487
2010,THA,ARE,4.60719921357756
2015,PHL,CHN,-1.9755242327307905
2009,PHL,NLD,4.4914818592399
2022,MYS,SGP,-0.3955057460430668
2023,DEU,AUS,-0.5913697929983363
2017,SGP,ARE,0.535382586909848
2015,IDN,NLD,-1.1629302496987737
2023,PHL,SGP,1.3366050281759898
2007,AUS,IDN,5.458612298717308
2013,PHL,CHE,2.89865334486584
2019,CHE,SGP,1.227553302701966
2014,JPN,DEU,2.6417799116596523
2021,JPN,IND,0.4008137410292176
2023,USA,IND,-0.8401542129356385
2015,THA,CHE,-3.4309448633437576
2006,AUS,KOR,6.17850185338848
2022,IND,CHE,1.0135283107348978
2024,DEU,JPN,-1.2782744724370767
2012,ARE,SGP,6.016167630951058
2017,AUS,IDN,-1.6577509794245104
2016,FRA,USA,-1.4166150766914003
2018,KOR,USA,-0.692729084716349
2020,USA,NLD,-1.435290420293748
2016,THA,DEU,-0.955133450053224
2019,ARE,VNM,-0.3169442178108724
2007,AUS,FRA,5.008890266167346
2012,PHL,MYS,4.929476105139052
2013,MYS,IDN,2.2545530937778326
2023,NLD,IND,2.4104489712355153
2020,JPN,AUS,-0.450657232559212
2008,JPN,AUS,5.250517497640231
2022,CHN,HKG,-0.4327148498372457
2018,ARE,AUS,0.8710122188722474
2008,IND,FRA,6.21529114652165
2013,NLD,KOR,2.086442747311989
2019,IND,IDN,-0.6948121935506292
2014,USA,FRA,2.6450783505256408
2024,IDN,ARE,1.6011993566512697
2011,THA,HKG,5.2299485636345535
2009,PHL,ARE,5.776294099396309
2023,CHE,THA,0.872184856479506
2023,HKG,MYS,0.925925925925924
2018,SGP,THA,0.1451939397529971
2022,IDN,FRA,0.5081409594566338
2009,DEU,FRA,5.636233559227206
2007,SGP,IDN,5.317751968039956
2021,IND,VNM,2.331022835385712
2007,ARE,USA,6.800912709096692
2021,NLD,THA,0.7516881942389305
2018,FRA,AUS,-0.3807177583967819
2024,IND,VNM,1.7765022007292266
2008,JPN,MYS,6.323876003505777
2023,USA,THA,-0.5059991437762548
2017,AUS,CHN,-0.3484687333047068
2010,USA,VNM,6.115141487903434
2015,NLD,ARE,1.8448597642958984
2010,NLD,KOR,4.731793326746184
2020,CHN,IND,-2.85468443146523
2007,NLD,CHE,6.138795635983702
2012,CHN,CHE,5.993502760237873
2007,JPN,FRA,5.715491367353887
2007,USA,IDN,5.429135916176431
2011,JPN,KOR,5.393338694457796
2024,DEU,USA,-1.753159922183858
2021,HKG,USA,1.1484292637174265
2010,DEU,CHN,6.505084379768216
2018,IND,DEU,0.1458878134803068
2016,ARE,MYS,-1.1390677407767489
2011,AUS,NLD,5.918407687561285
2010,IND,KOR,6.062672906078445
2023,THA,USA,-0.4090202516142673
2011,MYS,DEU,6.1155159926744895
2019,FRA,AUS,-1.1963547237062049
2019,FRA,NLD,-0.6474564815726764
2024,JPN,USA,-0.5561985727572876
2015,AUS,IDN,-2.2815267705625843
2013,AUS,VNM,3.4224085113814917
2020,FRA,JPN,-1.1035904529035845
2006,THA,PHL,5.765746188383577
2016,VNM,FRA,0.7613214489793659
2017,IND,SGP,1.0703254400082425
2019,CHE,NLD,-2.0293358039442464
2023,ARE,NLD,1.8889401981860143
2024,IDN,DEU,2.220449253646076
2010,THA,SGP,5.719832277441982
2022,PHL,VNM,0.987828447730905
2024,CHE,IDN,2.4468231346620692
2016,CHE,USA,-0.7340240166793882
2009,VNM,PHL,4.24104007757746
2014,NLD,ARE,2.8897367793531616
2012,PHL,JPN,5.349529695992518
2009,THA,MYS,5.232063881185052
2022,IDN,KOR,1.3052837722710076
2020,CHE,DEU,-1.3567543125296648
2011,KOR,DEU,4.778417202845936
2013,PHL,THA,2.7591180422548893
2013,DEU,JPN,2.544386014722232
2013,KOR,THA,2.398691354207447
2008,FRA,USA,5.624133830737011
2010,PHL,VNM,6.060517685633119
2006,PHL,THA,5.30069808440768
2008,PHL,FRA,5.570900449306189
2009,CHN,SGP,7.346190632082882
2006,USA,DEU,5.6588728064188984
2017,MYS,SGP,-0.1434052346478778
2018,PHL,NLD,-2.841451395738357
2008,SGP,ARE,8.324337747594457
2018,CHE,SGP,1.598551481933072
2022,ARE,IND,0.1128617974853951
2015,JPN,VNM,0.7848931832119728
2022,SGP,IND,0.4376246900299866
2024,NLD,CHN,-1.1708459836626737
2007,JPN,SGP,6.598796689759163
2024,IDN,JPN,0.9883475229783232
2018,CHN,USA,-1.9142798589613743
2009,FRA,CHE,5.2288417594590415
2020,SGP,NLD,-0.7817993562909124
2010,FRA,KOR,5.463849512625242
2009,IND,USA,5.745329273107599
2009,USA,CHE,5.739751467794065
2015,SGP,THA,0.3356331795067404
2006,IDN,MYS,4.9124761159299
2012,USA,HKG,6.032973574478892
2006,AUS,USA,5.839475287163463
2012,JPN,USA,5.322493469108276
2011,FRA,HKG,7.94555238999683
2019,VNM,USA,-0.8810953332194735
2006,THA,NLD,6.893120483943162
2008,NLD,CHE,5.79186054733783
2019,NLD,FRA,-0.8621928321555208
2012,CHE,IDN,6.409338923831369
2011,HKG,PHL,14.1333333333333
2020,IND,HKG,1.64835164835165
2020,IND,ARE,-1.188982433278176
2012,AUS,NLD,5.397917602645166
2022,MYS,NLD,-4.19855831094384
2016,ARE,CHE,1.5526196108878778
2009,USA,FRA,5.569884155816751
2013,HKG,VNM,2.75229357798165
2013,VNM,AUS,3.0171900961192266
2010,IND,IDN,4.75542775302405
2023,KOR,THA,0.2421876226237117
2023,DEU,KOR,0.4266690459286043
2022,CHE,PHL,-0.6811994341557238
2011,JPN,ARE,6.244856359926209
2010,IDN,USA,5.803574249514572
2023,VNM,CHE,3.2491507797312456
2022,IND,CHN,-2.3231570163022552
2011,ARE,USA,6.231156124233289
2011,THA,AUS,4.33174028782989
2007,VNM,ARE,7.832069861998552
2019,KOR,FRA,-0.3567371018695779
2014,AUS,CHE,2.6188680487769473
2020,THA,DEU,-1.6434451960092815
2010,CHN,MYS,6.5407725934469045
2015,VNM,CHE,0.4142586802904505
2010,THA,KOR,5.232765161149868
2020,KOR,PHL,-0.8734584297171235
2015,VNM,IDN,0.5429725664724055
2024,THA,FRA,1.0568413601758193
2015,FRA,HKG,5.7426457884467075
2024,SGP,AUS,1.2971774593064878
2012,SGP,KOR,5.3770769061103625
2015,KOR,USA,-0.5798583901888503
2007,AUS,CHE,5.998639424471495
2009,USA,JPN,5.907911296933625
2022,ARE,DEU,0.6667070960590386
2012,THA,JPN,5.463331489558735
2007,NLD,FRA,5.655017392284435
2006,KOR,NLD,2.729800306097826
2006,DEU,AUS,5.69501276177554
2008,CHN,VNM,6.553521402890465
2006,USA,AUS,5.709418103546359
2013,ARE,FRA,3.0499649570854164
2012,MYS,NLD,5.538759426485361
2021,CHN,PHL,-1.2310749222114874
2012,THA,PHL,6.410996069823394
2011,NLD,JPN,5.300682956475035
2010,FRA,CHN,6.474948981978726
2024,AUS,USA,-0.6379875074888088
2021,IND,CHN,-2.1749662451221927
2008,IND,SGP,5.279800791683887
2011,FRA,THA,5.597928195239911
2009,USA,MYS,5.840603970535027
2007,IND,FRA,6.704646606430883
2009,CHE,IDN,5.9992911153236985
2021,DEU,VNM,0.6746011936044547
2014,FRA,NLD,2.677350043460668
2022,DEU,NLD,-1.158155816149551
2017,CHN,VNM,-0.9139828546398252
2016,PHL,IND,-0.4846169840532386
2010,CHN,DEU,6.390119751218169
2022,IDN,IND,-1.207903938581127
2021,ARE,CHE,3.3385244875110125
2006,KOR,DEU,4.476173764925388
2014,JPN,KOR,2.359991722425462
2021,IDN,NLD,-0.976926756877495
2019,MYS,KOR,0.875599565459724
2015,HKG,DEU,1.7548159078313992
2022,VNM,IDN,0.9926306668008276
2020,THA,MYS,-1.343879984356673
2008,MYS,USA,5.566197954286444
2023,VNM,FRA,2.370176554168265
2017,MYS,KOR,-3.300985154813067
2011,JPN,IDN,5.613781059404359
2009,SGP,THA,5.928096668208539
2014,ARE,NLD,2.8726448284564534
2015,ARE,PHL,-0.0495705035623006
2023,CHE,MYS,0.3451134716159692
2008,SGP,NLD,5.345184462560949
2017,KOR,IND,1.4654093705648437
2021,FRA,NLD,-1.244072845925002
2012,ARE,PHL,5.781921633471831
2017,DEU,FRA,-1.5602557329758733
2011,IND,CHN,5.568084633044836
2007,IND,THA,5.584411302094666
2013,SGP,DEU,3.609450400291956
2024,IND,HKG,2.7233492891563365
2010,NLD,JPN,5.7939206651841095
2010,CHE,IND,5.9271492204949645
2016,IDN,THA,-0.3464031158962309
2009,NLD,MYS,5.798039709087338
2018,DEU,JPN,-0.8253883079340821
2007,JPN,PHL,5.335051656120501
2022,PHL,KOR,1.2106238218881074
2015,IDN,THA,-2.280236954350713
2008,PHL,DEU,4.186400029198268
2014,SGP,FRA,3.7480960323269623
2022,FRA,AUS,-0.319030029391634
2011,DEU,USA,5.461252960812472
2006,USA,IDN,5.38519748219082
2019,CHE,THA,-0.5757690427021146
2022,DEU,CHE,-1.5370243520048434
2014,CHN,ARE,2.838921622357661
2009,IND,AUS,5.327112903845143
2006,SGP,VNM,6.400170604668794
2023,JPN,IND,1.1607021048379311
2015,IDN,MYS,-2.1613117593721216
2015,ARE,CHE,1.8337702057635272
2014,SGP,MYS,2.3827371699293907
2009,IDN,FRA,5.3060067317336435
2008,AUS,THA,4.457929106174253
2023,CHN,SGP,0.5901496741280425
2021,IDN,AUS,-1.1247633429324069
2020,THA,IND,-1.1197739713802846
2012,PHL,CHN,4.179897909520812
2019,PHL,ARE,1.596862853698659
2008,USA,CHE,6.024496201962883
2018,KOR,THA,-0.2204939825119583
2024,ARE,KOR,3.1717056708682385
2007,AUS,ARE,6.296976810805313
2015,IDN,AUS,-2.488906007614641
2024,VNM,IND,2.2525737407976605
2021,NLD,USA,-0.6524242928798175
2024,AUS,NLD,-1.401372862872306
2008,DEU,AUS,5.010558217540186
2011,ARE,NLD,3.882116662773103
2014,NLD,SGP,3.5733366778234155
2022,USA,KOR,-1.031298157129821
2019,IND,CHN,-0.8621662132883966
2023,AUS,CHN,-1.1707402776546785
2008,USA,DEU,5.803194457838704
2009,AUS,JPN,5.699018867362037
2017,HKG,SGP,1.7632957437840326
2021,CHE,JPN,0.0881484293797443
2011,DEU,IND,6.068304716991365
2017,ARE,NLD,-0.4164912937470976
2009,THA,JPN,5.706631882162043
2023,SGP,CHE,1.7565302670550187
2018,ARE,CHE,-0.8466127208617212
2012,ARE,USA,5.990374374247303
2015,USA,AUS,-0.2009523273344322
2012,MYS,CHN,5.765841639205075
2022,SGP,FRA,2.5107173389709945
2006,PHL,DEU,4.736048265460034
2023,HKG,KOR,1.7643624010595138
2011,DEU,CHN,6.676072532588649
2022,IDN,PHL,0.3405000259263572
2019,PHL,DEU,-0.4155888533702271
2019,IDN,CHE,0.071076348014575
2017,AUS,KOR,-0.6569422042552738
2021,KOR,IDN,0.4601233991686726
2023,FRA,THA,2.2310057669607346
2017,DEU,JPN,-0.8536943593548972
2019,AUS,USA,-1.2249621847328267
2022,FRA,NLD,-1.2984527962716743
2023,HKG,DEU,0.409445801149826
2009,NLD,FRA,5.688859848724014
2009,SGP,VNM,6.802638921680939
2023,MYS,IDN,-0.5662971535351388
2011,MYS,KOR,5.4702024144274555
2022,IND,MYS,0.2359247222133112
2023,ARE,THA,2.6622767542178196
2006,IDN,DEU,2.8561889258030626
2021,USA,FRA,-1.2096289268272715
2022,NLD,KOR,0.5644682658869351
2016,USA,IND,-1.04305413067446
2017,FRA,SGP,2.2777738200008044
2016,MYS,CHN,-0.996670407165788
2006,IDN,KOR,6.097167161143142
2022,ARE,JPN,1.7539423741474662
2019,IND,DEU,-0.0237397358852414
2020,NLD,FRA,-1.3540197661201177
2022,PHL,IDN,0.3055599337544585
2024,SGP,THA,0.3480436270643733
2009,CHE,VNM,6.974891624947836
2014,IDN,CHN,2.359429662017134
2018,NLD,IND,1.611707635459268
2024,PHL,ARE,3.019582698136738
2016,MYS,THA,-1.5616382955727013
2018,CHE,ARE,-0.4265218819242938
2010,NLD,CHE,6.425926665684088
2024,USA,CHE,-0.83609577569962
2023,FRA,MYS,0.9548257084394054
2014,VNM,CHN,1.90658955040456
2023,KOR,HKG,0.1948508392413792
2014,MYS,NLD,1.6524557165796898
2012,SGP,FRA,6.434127955256011
2007,JPN,CHN,5.863469527255856
2015,PHL,HKG,-2.7431421446384
2015,CHN,DEU,-0.5174722680443473
2010,SGP,IDN,4.991363522782586
2009,ARE,VNM,8.382848980517624
2006,NLD,ARE,4.20168067226891
2008,CHN,DEU,5.772241785604235
2019,KOR,PHL,0.0789299789765061
2024,VNM,KOR,1.7021083524615823
2015,VNM,SGP,1.0483485502429113
2016,CHN,IDN,-1.5378417464844127
2008,MYS,IDN,5.260838487064298
2019,JPN,FRA,-1.1902958264097627
2007,SGP,CHE,4.944819324677426
2023,IND,THA,-0.2871442074111183
2024,ARE,CHN,1.6791262316937845
2020,USA,FRA,-1.794936283215126
2020,AUS,JPN,-0.813967174868809
2011,HKG,CHN,5.762747494592329
2007,NLD,KOR,4.04061431541998
2008,MYS,KOR,6.163316991507045
2016,SGP,VNM,0.7516601906854414
2018,HKG,CHN,-0.5160556914837887
2021,VNM,JPN,0.4991293408208787
2007,NLD,MYS,5.9335988679499705
2019,VNM,SGP,0.9487429782928256
2014,NLD,JPN,2.35235337751466
2011,JPN,AUS,5.86480037259591
2019,KOR,IDN,0.9214714967048848
2021,FRA,USA,-1.1592540348915843
2017,MYS,IDN,-1.9360730352578084
2006,VNM,PHL,6.754363964295511
2024,VNM,ARE,3.202481682419378
2007,CHN,PHL,5.971270660028322
2018,KOR,DEU,-0.6502646340429012
2012,FRA,AUS,5.0575720236667605
2012,MYS,THA,4.621563758379988
2017,ARE,HKG,4.354938696790195
2008,AUS,CHE,4.785986245910468
2022,JPN,DEU,-0.9745869811263712
2007,PHL,IND,9.003072247920926
2007,ARE,NLD,8.227763553444552
2021,MYS,THA,-0.7417620668666369
2008,CHE,JPN,6.302312698671223
2018,NLD,CHE,-2.6286234089918934
2006,USA,KOR,5.800802718646123
2023,MYS,KOR,2.3579689092849763
2013,CHE,THA,3.8396006764532142
2023,PHL,IDN,-0.2683934146970763
2020,VNM,JPN,0.271967208524683
2015,USA,CHN,-0.9382120108690024
2014,FRA,USA,2.646382525260353
2022,CHE,NLD,-0.3334611380482615
2016,NLD,AUS,-0.9358170799683772
2013,ARE,IDN,2.0036879973362307
2009,SGP,NLD,8.151600646149648
2008,AUS,KOR,5.656941361814829
2014,VNM,DEU,3.422284693949018
2016,HKG,JPN,0.4442035105131779
2014,IDN,PHL,3.0120116605156446
2024,CHE,JPN,0.5502227349256853
2012,SGP,CHE,5.550768987345329
2017,ARE,PHL,-0.8096654027436823
2009,CHE,DEU,5.407390389869828
2012,DEU,IDN,6.127193762691995
2021,ARE,DEU,1.7187429362224087
2023,USA,PHL,-0.3557736242616064
2011,SGP,PHL,6.071765418319219
2019,SGP,CHN,0.7360303733732644
2015,USA,DEU,-0.8736342132333934
2022,SGP,VNM,1.9149134417371745
2012,CHE,CHN,6.555582779625314
2021,KOR,FRA,-0.3965003097308756
2013,IDN,IND,2.936958322390373
2010,IDN,SGP,5.11219599793303
2020,ARE,NLD,-0.4669686457489882
2006,THA,ARE,5.9655808198371165
2012,USA,IND,5.430949721772778
2022,SGP,AUS,1.003925750072835
2022,IDN,JPN,0.2565775209621525
2012,CHE,DEU,5.086973470880821
2021,USA,IDN,-1.7661845719672316
2006,AUS,DEU,5.5028832086538335
2017,IND,FRA,0.3988813350466258
2021,FRA,IND,-0.2483599967157595
2016,THA,IND,-0.2408300846493926
2007,KOR,SGP,6.098675411794689
2023,IND,JPN,1.5184585014678085
2006,CHE,IND,6.075661286815635
2022,CHE,VNM,2.1864219901156674
2015,DEU,USA,-0.9020855069757316
2009,KOR,ARE,5.623417888016789
2009,NLD,PHL,5.15465048360061
2014,IND,SGP,2.630048324457138
2009,HKG,PHL,10.7416879795396
2012,IND,CHN,4.83149181457179
2011,FRA,VNM,6.660039833298862
2011,ARE,VNM,5.389761895201061
2024,KOR,PHL,1.661000083829964
2013,PHL,VNM,2.4791829259927987
2011,SGP,IND,6.443718091432537
2015,SGP,NLD,1.5117738866188206
2017,HKG,AUS,2.4211123381725828
2019,CHE,JPN,-0.7364995861163176
2006,FRA,KOR,4.88292875229811
2024,ARE,AUS,2.530395497589749
2012,VNM,IDN,5.727702239693709
2011,ARE,CHN,6.436156713659794
2018,AUS,VNM,0.8980619890853756
2008,KOR,SGP,4.821779553179385
2010,DEU,FRA,5.463450248748431
2013,VNM,KOR,2.8864584294236884
2016,IND,CHN,-1.3110765075362365
2006,JPN,THA,5.6422094551921385
2010,FRA,THA,4.6771281027074165
2012,AUS,KOR,5.789808822177735
2008,NLD,DEU,4.70995386843085
2017,AUS,USA,-1.308117793401707
2023,JPN,FRA,-0.1856301064792409
2010,THA,MYS,5.200528801324313
2017,IND,AUS,-0.0141894170903132
2014,HKG,THA,1.40280561122244
2007,PHL,IDN,6.131498587838661
2022,VNM,NLD,1.9500997712869068
2012,CHN,USA,5.543432582476339
2014,VNM,FRA,3.1713939730897054
2012,AUS,JPN,5.157920233698262
2012,CHN,IDN,5.649046990959356
2020,KOR,THA,-1.2386669468607805
2008,NLD,CHN,4.904630477326842
2015,HKG,NLD,4.872563718140929
2017,AUS,HKG,5.053142436141266
2015,DEU,IDN,-0.4254644616105926
2020,MYS,SGP,-0.4749562642919307
2008,THA,VNM,5.255438607598532
2017,VNM,AUS,0.3654533563352788
2016,CHN,AUS,-0.4625971844368802
2023,KOR,MYS,2.186517481136662
2014,AUS,KOR,3.195569432970925
2024,JPN,MYS,1.0976652442166586
2006,IDN,CHE,5.31273769820373
2017,PHL,CHE,-1.922316379549644
2016,ARE,FRA,0.5910599449322471
2022,USA,HKG,1.4531437191991876
2014,FRA,VNM,2.8476925867589262
2012,SGP,JPN,5.513828302489741
2008,THA,CHE,6.499524657981466
2024,THA,IND,1.4917374656292983
2020,MYS,AUS,-2.157694923723356
2022,IDN,MYS,-0.5672942296473787
2010,HKG,AUS,9.21875
2019,CHE,VNM,0.4729299805203274
2011,CHE,SGP,5.754707228726775
2006,IDN,PHL,4.9106083501841695
2013,VNM,PHL,2.3965946921902774
2020,THA,JPN,-0.9976518734896253
2021,VNM,MYS,-0.8577239403822652
2024,JPN,CHE,0.1663014270158374
2023,IDN,VNM,1.8247755703092057
2024,FRA,ARE,0.6018567555318816
2024,CHE,DEU,-0.2052981896938671
2011,PHL,JPN,5.424084975068543
2021,VNM,USA,-1.1993137723971916
2013,IDN,CHE,3.713768319040192
2017,VNM,IDN,-1.6502203970566014
2024,THA,JPN,0.2573507422041624
2020,ARE,JPN,0.4991281907832447
2017,IND,THA,0.2391338406260136
2017,THA,AUS,-2.6434940135837706
2018,CHE,PHL,-1.8006914319412226
2013,AUS,CHE,3.144712563814381
2021,SGP,IDN,-0.0355383304130039
2023,KOR,IND,1.7186286291155912
2008,PHL,CHN,4.602277003692711
2014,AUS,IDN,2.2076087563155453
2014,VNM,PHL,2.3583059129143287
2007,CHE,ARE,5.66115042105684
2024,NLD,PHL,-1.132394400738394
2008,THA,JPN,3.9938880075246295
2020,CHE,IND,0.1006257228014285
2019,PHL,NLD,-3.3768306720394965
2010,NLD,MYS,6.112571787655209
2018,USA,PHL,-1.6063070548447227
2022,HKG,KOR,1.8067016517049148
2014,AUS,JPN,3.12696500063695
2017,CHE,FRA,-1.369170310150723
2006,THA,FRA,5.719625438839518
2024,THA,NLD,-0.3250842444171355
2015,KOR,CHN,-0.3659656531682616
2019,VNM,ARE,0.852149151850823
2014,DEU,IND,2.8062644065027462
2010,CHE,AUS,6.267008296255921
2011,SGP,USA,6.451966461028622
2024,ARE,FRA,1.7955800648644955
2011,IND,SGP,5.4991740741707575
2015,AUS,PHL,-0.5210259673960085
2022,KOR,THA,-0.7769136003179251
2006,CHE,THA,3.480911105892675
2011,ARE,CHE,6.678377521862483
2023,CHN,USA,-2.0165367784298622
2007,KOR,IND,4.93725500071287
2016,HKG,THA,1.668795232013625
2009,CHN,DEU,6.099160821082523
2013,IND,CHE,2.643009459654149
2012,KOR,NLD,4.306591531996554
2023,DEU,HKG,-1.6409664885867
2020,CHN,CHE,-1.4173826059817678
2023,MYS,AUS,-0.899023590802107
2013,FRA,CHE,2.42600614390837
2006,KOR,CHE,7.511612167455464
2008,AUS,NLD,5.6037501776201335
2023,SGP,THA,1.3755962233376684
2007,KOR,IDN,5.756796003685951
2006,ARE,THA,5.559553953567096
2006,FRA,THA,5.7077598903278925
2019,KOR,USA,-0.8943689866224439
2006,NLD,DEU,5.9492185351402815
2019,SGP,PHL,1.0703785098200878
2008,FRA,AUS,5.476744629601267
2013,DEU,CHE,2.6783178737747906
2021,DEU,PHL,0.3592769243053524
2024,IND,AUS,-0.2848564062324601
2016,DEU,THA,-0.7558857413257829
2021,SGP,PHL,1.3946800229800402
2010,DEU,MYS,5.202564717783705
2019,CHN,MYS,-0.2956819531460067
2023,IDN,THA,-0.3753442366222912
2021,DEU,FRA,-1.625690965240303
2016,CHN,VNM,-1.594527582002562
2008,NLD,IND,6.933553438714459
2023,NLD,ARE,-0.0617251525402968
2017,CHN,USA,-1.4111482784652514
2008,FRA,SGP,4.715894463205749
2007,JPN,VNM,6.138450543013549
2010,IDN,AUS,5.352441532381238
2019,DEU,CHE,0.2672766363705447
2016,HKG,CHN,0.1723801158510127
2016,KOR,JPN,-1.776871102421644
2024,THA,DEU,-0.3898074210144814
2022,CHN,DEU,-0.8591022233283003
2009,MYS,JPN,5.579049712876913
2015,IDN,CHN,0.0637774819570273
2006,USA,THA,5.158944616306193
2006,CHN,VNM,7.0155280409561716
2016,DEU,IDN,-0.2172712562855729
2020,HKG,USA,1.1358204284126538
2022,PHL,MYS,-0.4455450374907884
2022,VNM,ARE,5.209428561154544
2014,SGP,CHN,2.494230300451301
2020,USA,KOR,-1.422845665200694
2011,AUS,IDN,4.843506422169979
2010,CHN,ARE,5.826505817895113
2015,SGP,MYS,-0.5952713774523241
2011,DEU,ARE,6.462762518354026
2008,KOR,MYS,5.768384345679815
2008,IND,USA,5.847506917496516
2010,CHE,PHL,5.805735249037293
2023,THA,FRA,1.4017955280176744
2024,JPN,THA,0.8446269678491805
2007,ARE,PHL,5.3982434920637745
2013,THA,CHN,2.6419570987523
2019,ARE,THA,1.2247472833341746
2009,DEU,KOR,5.2842893826378345
2015,CHE,VNM,1.58815630180804
2010,JPN,FRA,5.872112218400775
2010,VNM,IDN,5.757200120483803
2013,VNM,SGP,3.3532839664409715
2008,ARE,CHE,6.760676768185763
2018,DEU,AUS,-0.6831333552199516
2011,HKG,FRA,7.43361408206581
2014,IDN,FRA,1.9637929528145517
2011,SGP,CHN,6.3450238646991854
2023,USA,IDN,-0.5097028374311563
2023,VNM,NLD,2.739826412218454
2023,FRA,SGP,2.370069283922391
2014,MYS,IND,2.0962311349762217
2024,MYS,CHE,-0.243860406860585
2011,NLD,IND,5.214519709020412
2012,JPN,KOR,5.023258605352032
2018,IDN,VNM,-0.2835927686047788
2014,THA,HKG,1.32458152298904
2012,KOR,USA,5.043153441711502
2017,IDN,DEU,0.3292180442531595
2016,NLD,CHE,-0.4282659634049365
2014,CHE,SGP,2.919047497088669
2013,JPN,DEU,2.721723883744617
2017,IDN,PHL,-1.8645168496647693
2022,ARE,PHL,2.8283670229074076
2018,IND,THA,0.1340556839950315
2009,ARE,JPN,6.434103252621826
2016,IDN,NLD,-1.2643212612606296
2012,NLD,FRA,5.501044807169588
2022,CHE,USA,-0.9752879385982288
2015,SGP,CHN,0.7899813004853001
2018,CHE,FRA,-1.2782222210040295
2011,NLD,KOR,4.541504031298026
2014,CHN,DEU,2.7166347700226225
2016,CHN,HKG,0.8376672580094748
2015,NLD,PHL,-0.7343054283795194
2015,THA,NLD,0.7050527292414585
2017,DEU,USA,-1.5338402274606822
2020,DEU,THA,-1.669803275860595
2017,KOR,HKG,0.2961378396609989
2021,CHE,IDN,0.1506573092672582
2013,CHE,CHN,3.2502556063441292
2014,AUS,USA,2.5847046927340736
2023,JPN,CHE,1.1284579078883556
2011,MYS,IND,6.100862969215878
2007,JPN,AUS,6.194832891689259
2010,SGP,ARE,6.53300548548299
2012,CHN,NLD,5.236756543399006
2008,VNM,SGP,5.705378401187533
2014,PHL,SGP,2.8680428710561463
2020,SGP,CHN,-1.7608936918554818
2016,CHE,CHN,-0.0150741645691472
2024,VNM,CHE,3.176588554573545
2014,AUS,DEU,2.475256461058685
2012,DEU,NLD,4.751803516384338
2020,SGP,AUS,-0.2163810285987043
2009,DEU,ARE,7.080993835581132
2006,USA,IND,6.010955975773547
2019,JPN,THA,0.0596128561087632
2008,FRA,THA,4.744272760542059
2007,DEU,MYS,5.335714552256309
2009,CHE,JPN,6.115142186480425
2024,FRA,IND,2.3135693514910547
2018,ARE,IDN,0.4709814885916565
2007,MYS,NLD,5.5947341265294845
2015,IND,AUS,0.3270200892172241
2021,CHE,FRA,-0.2267331130805155
2006,FRA,NLD,5.6847753250494675
2008,THA,IDN,5.2604162050935175
2013,THA,MYS,2.869910846013719
2022,JPN,THA,0.5963305907716903
2018,PHL,IDN,-0.5672031108197076
2006,AUS,PHL,4.810040227686604
2011,JPN,DEU,6.204066874751202
2007,VNM,FRA,5.117954856456192
2021,CHN,JPN,-1.4520160387597207
2006,NLD,CHE,6.764118701715619
2021,THA,NLD,-0.246488248856881
2006,VNM,CHN,6.20134653105638
2010,NLD,IDN,5.096935772628969
2018,JPN,HKG,2.959966454285454
2013,SGP,MYS,2.576267391199109
2024,KOR,HKG,2.303245310684355
2010,CHN,SGP,6.762178712713449
2016,CHN,CHE,0.3361193629156066
2022,IND,HKG,3.3387138734472734
2009,KOR,IDN,6.391915767304059
2023,DEU,JPN,-1.154164108880035
2020,USA,HKG,0.8512086826138963
2022,HKG,USA,1.0532376548679068
2016,JPN,CHE,-0.0130832925721984
2020,NLD,AUS,-2.1687087255669044
2018,USA,MYS,-2.023945945115205
2022,FRA,CHE,-0.4264153121845456
2023,NLD,CHN,-0.9207758088381454
2024,PHL,FRA,-0.1581662945845394
2010,USA,THA,5.310736694558867
2019,USA,THA,-1.3016240285785736
2017,NLD,USA,-0.6665378559456872
2012,IND,ARE,4.912983778424022
2011,MYS,JPN,5.651180082147033
2006,DEU,IDN,5.360827707818116
2009,PHL,FRA,5.149776517907108
2015,CHN,IND,0.3107262568402596
2008,IDN,USA,5.574602506504507
2024,MYS,THA,0.1005800233703125
2024,MYS,VNM,0.6674074441787325
2021,JPN,USA,-1.043109038796773
2015,THA,IND,-0.1464465103936776
2006,PHL,JPN,6.373812117355348
2017,NLD,AUS,-0.4868800448798434
2023,IND,CHN,-1.7101652862618193
2007,CHN,USA,6.081371822304418
2019,ARE,JPN,0.9111492585250636
2024,SGP,CHN,0.9209971059461588
2009,FRA,CHN,5.889668227780251
2020,AUS,IDN,-1.4314504440991231
2007,IDN,JPN,6.036503598315923
2014,CHE,USA,2.716772155360676
2013,FRA,SGP,3.0965977557634727
2013,JPN,NLD,2.8556191871558525
2013,JPN,CHN,2.1596099246296636
2021,MYS,CHE,0.8538119749986922
2010,MYS,JPN,5.902646339062828
2016,IND,HKG,1.5670506712307195
2023,CHN,JPN,-1.8398200363402033
2016,JPN,AUS,-0.4644178436512987
2014,THA,USA,2.3729354628897283
2018,DEU,KOR,0.575757766360621
2019,CHN,IDN,-0.7407163219784865
2012,THA,FRA,4.4798522578842315
2006,SGP,KOR,6.856420775699622
2008,IDN,VNM,5.880352605259723
2014,MYS,HKG,-0.7711012577759845
2009,USA,CHN,6.046170480015498
2010,IND,USA,5.491588266410252
2008,THA,SGP,4.83245698724805
2021,CHE,AUS,-0.5432966876664475
2019,CHN,CHE,-0.5695293731788381
2012,FRA,ARE,6.418910142628221
2019,AUS,IDN,-1.1616140575471192
2016,SGP,THA,-0.1224514032881702
2013,USA,FRA,2.7230610119503367
2012,DEU,CHE,5.272045807559883
2010,CHN,JPN,4.900034298058498
2018,PHL,MYS,-0.8436828885807764
2023,DEU,IND,1.3666971503813532
2006,MYS,USA,5.437345413259624
2021,DEU,IND,-0.319781747421698
2014,IDN,IND,2.914040599170411
2020,PHL,SGP,-0.7801088103700015
2023,VNM,CHN,0.930065237792862
2024,KOR,IND,2.0295054731862936
2019,SGP,IND,-0.7630857887931226
2021,MYS,KOR,0.639876695604679
2017,SGP,THA,0.9952119102903344
2009,PHL,CHN,5.514781517962446
2008,MYS,FRA,5.962325866444053
2008,CHE,THA,4.431763734120373
2020,JPN,CHN,-2.1683284710034045
2017,JPN,FRA,-0.177596806407235
2024,KOR,SGP,1.7615702355542573
2011,THA,VNM,6.082854841889581
2014,PHL,KOR,2.8503628241292733
2016,FRA,NLD,-1.824659827311376
2011,VNM,SGP,7.326361032396248
2007,USA,ARE,6.631272620947526
2010,KOR,AUS,5.872810397457254
2013,VNM,CHE,2.6999363610720972
2023,JPN,AUS,0.0346779549767683
2010,FRA,SGP,6.442500963447937
2008,IND,CHN,5.907400177221764
2022,CHN,NLD,-0.7697284073374772
2024,NLD,SGP,0.3258761834794561
2009,MYS,THA,5.396888936849792
2020,AUS,THA,-0.9702883585128778
2021,ARE,USA,-0.0190817298384795
2017,VNM,DEU,-0.1347163756234152
2024,DEU,IND,-0.0436397222842827
2008,THA,NLD,2.883095822016331
2012,NLD,IND,7.342530216149826
2013,USA,KOR,2.258777754671262
2016,NLD,THA,-0.8563032971840105
2024,JPN,SGP,1.624415187849906
2014,CHN,IND,2.570733593875797
2018,THA,VNM,0.4542704328654043
2022,ARE,AUS,0.4540625682737023
2015,JPN,NLD,-0.505461613567761
2009,THA,USA,5.458165218990084
2019,CHE,USA,-1.0125221730696263
2006,SGP,IND,6.347750233333175
2010,AUS,DEU,5.7127282754592725
2014,MYS,THA,2.3558356668465352
2010,FRA,IDN,4.722795271821978
2008,AUS,IND,5.4086641616094395
2015,HKG,MYS,-0.6685827775630799
2013,FRA,NLD,2.686542654932931
2006,CHE,SGP,7.3426963610118205
2013,KOR,JPN,2.1187047043455554
2006,PHL,VNM,7.01216280551466
2011,IDN,CHN,6.215539017326619
2007,DEU,THA,4.043312232288484
2010,ARE,DEU,6.479686359322933
2016,FRA,SGP,0.987878862400313
2009,JPN,USA,5.900802637928885
2007,PHL,ARE,3.759346392313897
2020,MYS,THA,-1.3538749585965268
2008,VNM,DEU,5.542276010805324
2023,VNM,ARE,3.0913826857644686
2007,FRA,NLD,5.693479799135254
2016,PHL,CHE,1.385897160202759
2018,IND,JPN,0.8356890984414171
2022,NLD,DEU,-0.9683413748674364
2015,SGP,PHL,0.5796134508460908
2006,JPN,FRA,5.547385343136325
2011,ARE,MYS,6.262948412471822
2016,THA,VNM,0.0117904086855516
