Unnamed: 0,session.x,ccode1,ccode2,agree,year,IdealPointAll.x,NVotesAll.x,IdealPointAll.y,NVotesAll.y,IdealPointDistance
896211,53,812,437,0.96969696969697,1998,-1.137725,55.0,-0.6958599,63.0,0.4418651
1298797,65,402,165,0.972972972972973,2010,-0.3590516,57.0,-0.136898,66.0,0.2221536
257022,28,625,640,0.833333333333333,1973,-0.6845631,87.0,0.4877185,91.0,1.1722816
101748,18,511,140,0.75,1963,,,0.7995427,31.0,
1368636,67,346,451,0.788732394366197,2012,0.8423862,69.0,-0.579066,55.0,1.4214522
1421220,68,666,368,0.532258064516129,2013,2.523422,62.0,1.020208,64.0,1.503214
1695446,76,115,812,0.979452054794521,2021,-0.4084704,75.0,-0.7526749,75.0,0.3442045
612762,44,265,94,0.921296296296296,1989,-0.6155031,114.0,0.3063771,110.0,0.9218802
442531,37,380,552,0.738888888888889,1982,0.9731934,157.0,-0.2826682,91.0,1.2558616
316584,31,660,616,0.946969696969697,1976,-0.3141713,67.0,-0.1731886,85.0,0.1409827
553710,41,800,20,0.64527027027027,1986,-0.1714825,148.0,1.685988,154.0,1.8574705
38078,11,369,530,0.532608695652174,1956,-2.807211,60.0,0.1302642,46.0,2.9374752
1117591,60,437,812,0.949152542372881,2005,-0.3440634,55.0,-0.6830027,70.0,0.3389393
1070694,59,205,51,0.73125,2004,0.8795022,72.0,-0.5431866,68.0,1.4226888
753825,49,359,780,0.738461538461539,1994,1.25246,65.0,-1.173335,67.0,2.425795
1278201,64,781,359,0.726190476190476,2009,-0.3644485,67.0,0.9380311,68.0,1.3024796
1693924,76,91,850,0.863636363636364,2021,0.0147506,77.0,-0.8515861,77.0,0.8663367
1600494,73,520,90,0.741379310344828,2018,-0.5161233,29.0,0.1987813,93.0,0.7149046
1402188,68,225,290,0.936507936507937,2013,0.6746156,64.0,1.019024,63.0,0.3444084
25078,8,220,212,0.941176470588235,1953,2.591672,17.0,2.594077,25.0,0.0024049999999999
1481854,70,369,160,0.746478873239437,2015,0.9716708,71.0,-0.1724269,73.0,1.1440977
484791,39,92,42,0.95985401459854,1984,0.05957535,141.0,0.1972514,147.0,0.13767605
512534,40,210,651,0.613333333333333,1985,1.700515,151.0,-0.1831395,153.0,1.8836545
249929,28,345,390,0.683333333333333,1973,-0.5623525,90.0,1.389995,91.0,1.9523475
1416018,68,540,325,0.655737704918033,2013,-0.7494722,61.0,0.9765104,64.0,1.7259826
371909,34,360,310,0.771186440677966,1979,-0.7384798,118.0,-2.22514,122.0,1.4866602
1456997,69,630,645,0.927631578947368,2014,-1.74342,77.0,-0.9460844,79.0,0.7973356
937153,55,235,540,0.766666666666667,2000,1.05723,67.0,-0.3291657,51.0,1.3863957
1298730,65,395,740,0.931818181818182,2010,0.8701391,68.0,0.65721,68.0,0.2129291
37786,11,350,850,0.725,1956,0.4135803,60.0,-0.8173829,60.0,1.2309632
1694899,76,101,41,0.852112676056338,2021,-1.761132,77.0,-0.06497932,71.0,1.69615268
409805,36,40,475,0.883458646616541,1981,-1.535362,133.0,-0.1496328,134.0,1.3857292
543829,41,451,56,0.906474820143885,1986,-0.1516322,151.0,0.4829072,141.0,0.6345394
326982,32,265,775,0.791208791208791,1977,-2.413882,91.0,-0.4361308,91.0,1.9777512
1534051,71,701,51,0.965753424657534,2016,-0.8338374,54.0,-0.373822,78.0,0.4600154
939543,55,345,710,0.808823529411765,2000,0.8200914,32.0,-0.7226381,67.0,1.5427295
1050034,58,551,403,1.0,2003,-0.7037716,76.0,-0.683775,1.0,0.0199966
103956,18,666,800,0.913793103448276,1963,0.7303658,30.0,0.8427863,30.0,0.1124205
1373703,67,432,812,0.975903614457831,2012,-0.5818191,68.0,-0.7417761,67.0,0.159957
317671,31,694,339,0.785714285714286,1976,-0.1875997,87.0,-1.588441,56.0,1.4008413
957290,55,780,220,0.689189189189189,2000,-0.8494707,67.0,1.507312,67.0,2.3567827
1447077,69,404,53,0.977941176470588,2014,-0.4945342,68.0,-0.4616599,78.0,0.0328743
182612,24,315,345,0.863636363636364,1969,-1.564182,44.0,-1.293767,44.0,0.270415
1248534,64,56,41,0.947761194029851,2009,-0.2716591,65.0,-0.4487259,52.0,0.1770668
1524029,71,461,750,0.71875,2016,0.02370509,76.0,-0.3137452,77.0,0.33745029
1123030,60,565,461,0.964705882352941,2005,-0.4401313,74.0,-0.6864945,75.0,0.2463632
590757,43,380,935,0.785123966942149,1988,1.108839,134.0,-0.5821606,123.0,1.6909996
748901,49,165,366,0.7890625,1994,0.1071352,68.0,1.200639,64.0,1.0935038
620149,44,510,140,0.941441441441441,1989,-0.9314404,112.0,-0.1548709,115.0,0.7765695
1257759,64,344,349,0.976470588235294,2009,0.9442067,67.0,0.8979081,68.0,0.0462986
839277,52,57,565,0.931818181818182,1997,-0.1463058,33.0,-0.9393024,69.0,0.7929966
529227,40,812,55,0.590551181102362,1985,-1.647299,138.0,1.214023,130.0,2.861322
159867,22,700,53,0.565217391304348,1967,-0.7635536,57.0,0.8759471,46.0,1.6395007
1660733,75,211,760,0.71875,2020,1.060256,96.0,-0.5049055,96.0,1.5651615
810114,51,140,359,0.76865671641791,1996,-0.1282843,73.0,1.100309,68.0,1.2285933
622286,44,572,692,0.942708333333333,1989,-0.009770371,96.0,-0.5254906,116.0,0.515720229
1136612,61,20,42,0.718181818181818,2006,1.448361,92.0,0.06932235,90.0,1.37903865
1509122,71,94,211,0.793103448275862,2016,-0.1688128,77.0,1.129343,78.0,1.2981558
1310068,65,666,205,0.512048192771084,2010,2.419609,67.0,0.7553436,67.0,1.6642654
782863,50,339,710,0.763888888888889,1995,0.9627288,75.0,-1.572266,78.0,2.5349948
624676,44,663,40,0.960869565217391,1989,-0.6619411,116.0,-1.192684,115.0,0.5307429
1249116,64,60,58,1.0,2009,-0.477664,40.0,-0.4891341,57.0,0.0114701
809172,51,101,70,0.959459459459459,1996,-0.3027339,74.0,-0.4372225,74.0,0.1344886
257074,28,630,101,0.918604651162791,1973,0.2560697,89.0,0.5659416,88.0,0.3098719
1406623,68,359,360,1.0,2013,0.9435521,63.0,0.941239,64.0,0.0023130999999999
1632552,74,411,56,0.96875,2019,-0.5824421,17.0,-0.4939017,89.0,0.0885404
490619,39,360,101,0.947552447552448,1984,-0.6667025,144.0,-0.1168934,150.0,0.5498091
1575338,72,820,58,0.959090909090909,2017,-0.7222781,87.0,-0.4803527,82.0,0.2419254
959429,55,900,53,0.810810810810811,2000,0.937627,67.0,-0.3514133,66.0,1.2890403
761135,49,540,371,0.808823529411765,1994,-0.2314974,37.0,0.718504,65.0,0.9500014
261643,28,920,437,0.840909090909091,1973,0.8130661,90.0,0.2227352,89.0,0.5903309
1316508,65,835,830,0.977272727272727,2010,-1.038554,68.0,-0.4891586,68.0,0.5493954
1795413,78,781,403,0.75,2023,-0.5631235,86.0,-0.8519403,2.0,0.2888168
1768766,78,130,705,0.953947368421053,2023,-0.136706,81.0,-0.508545,80.0,0.371839
1627185,74,341,93,0.601123595505618,2019,1.049642,91.0,-1.518263,89.0,2.567905
791139,50,501,471,0.938271604938272,1995,-0.3336787,81.0,-0.4037524,81.0,0.0700737
1631241,74,380,230,0.945054945054945,2019,0.8700779,91.0,1.097392,91.0,0.2273141
1444236,69,366,255,0.95625,2014,1.040483,80.0,1.252046,80.0,0.211563
1301343,65,450,461,0.95679012345679,2010,-0.3278223,65.0,-0.4598781,65.0,0.1320558
1552050,72,316,700,0.662280701754386,2017,1.238946,89.0,-0.9535721,84.0,2.1925181
523313,40,581,385,0.649532710280374,1985,-0.1971697,110.0,1.467717,151.0,1.6648867
737980,48,712,500,0.541666666666667,1993,2.050475,37.0,-1.271423,58.0,3.321898
181902,24,220,530,0.627906976744186,1969,1.541328,43.0,-0.05228927,44.0,1.59361727
1656405,75,80,343,0.733695652173913,2020,-0.3438403,92.0,1.021134,96.0,1.3649743
1422583,68,698,435,0.983606557377049,2013,-1.226856,63.0,-0.6781103,62.0,0.5487457
1743768,77,433,840,0.946428571428571,2022,-0.513808,85.0,-0.340067,87.0,0.173741
653146,45,900,80,0.797619047619048,1990,1.021565,84.0,-0.01233552,86.0,1.03390052
1412650,68,452,666,0.25,2013,-0.6892042,46.0,2.523422,62.0,3.2126262
348861,33,325,160,0.636363636363636,1978,1.726792,127.0,0.1717698,121.0,1.5550222
1020657,57,701,565,0.954545454545455,2002,0.09079925,26.0,-0.6106642,61.0,0.70146345
1373066,67,404,517,0.956521739130435,2012,-0.4862753,59.0,-0.1684315,58.0,0.3178438
1492547,70,590,781,0.950704225352113,2015,-0.3146126,71.0,-0.671164,72.0,0.3565514
669216,46,482,60,0.988636363636364,1991,-0.07242768,64.0,-0.01525752,54.0,0.05717016
415783,36,265,355,0.996240601503759,1981,-1.990245,133.0,-1.968257,133.0,0.0219880000000001
1311029,65,694,223,0.755681818181818,2010,-1.190325,68.0,0.8212397,68.0,2.0115647
569646,42,482,452,0.914179104477612,1987,0.2836218,137.0,-0.2899011,139.0,0.5735229
62025,15,92,780,0.494117647058824,1960,0.9276286,85.0,-0.852419,103.0,1.7800476
438296,37,165,338,0.924342105263158,1982,0.4005331,157.0,-0.2205802,153.0,0.6211133
1234703,63,615,540,0.931818181818182,2008,-1.287974,74.0,-0.5776175,71.0,0.7103565
1692418,76,56,51,0.986486486486487,2021,-0.469931,74.0,-0.3588647,77.0,0.1110663
696944,47,439,750,0.936619718309859,1992,-0.6248979,72.0,-0.7456065,73.0,0.1207086
664233,46,366,570,0.725,1991,1.258073,60.0,-0.28318,73.0,1.541253
629260,44,840,165,0.960526315789474,1989,-0.109968,116.0,0.1659917,114.0,0.2759597
1322241,66,57,775,0.888157894736842,2011,-0.8053009,65.0,-1.328139,54.0,0.5228381
1768446,78,115,110,0.96551724137931,2023,-0.1891987,87.0,-0.1839844,87.0,0.0052143
1396574,68,60,20,0.416666666666667,2013,-0.5793431,36.0,1.924133,64.0,2.5034761
763237,49,590,552,0.907692307692308,1994,-0.3518206,65.0,-1.15429,68.0,0.8024694
531028,40,940,481,0.837837837837838,1985,0.7968555,74.0,-0.07284241,152.0,0.86969791
744596,49,54,375,0.733333333333333,1994,0.02135696,45.0,1.52212,68.0,1.50076304
1388084,67,760,701,0.938356164383562,2012,-0.5252564,69.0,-0.8563319,60.0,0.3310755
737565,48,705,210,0.80327868852459,1993,0.5480232,61.0,1.706348,64.0,1.1583248
232341,27,350,696,0.785714285714286,1972,0.9306983,100.0,-0.5793411,100.0,1.5100394
389184,35,95,100,0.923076923076923,1980,0.03398651,102.0,0.4099129,92.0,0.37592639
724312,48,370,572,0.859649122807018,1993,0.4628579,63.0,-0.1816662,59.0,0.6445241
190759,24,666,438,0.516129032258065,1969,0.8428806,44.0,-1.47646,31.0,2.3193406
798348,50,701,365,0.884615384615385,1995,-0.1871477,13.0,1.179862,81.0,1.3670097
412945,36,110,811,0.962365591397849,1981,-0.2486456,117.0,-0.0168295,108.0,0.2318161
411217,36,58,600,0.912162162162162,1981,0.1089236,74.0,0.1203179,134.0,0.0113943
582915,43,57,41,0.959016393442623,1988,0.2170516,131.0,-0.05753476,126.0,0.27458636
1358093,67,51,530,0.963414634146341,2012,-0.5441329,68.0,-0.4673833,65.0,0.0767496
1572301,72,712,290,0.682203389830508,2017,-0.5565464,87.0,1.107938,90.0,1.6644844
275138,29,616,663,0.916666666666667,1974,-0.06333419,73.0,0.0814896,72.0,0.14482379
105578,18,812,375,0.826086956521739,1963,-0.1466561,23.0,0.929335,31.0,1.0759911
284664,30,200,517,0.567164179104478,1975,2.075608,68.0,-0.4023665,68.0,2.4779745
1739589,77,360,40,0.517045454545455,2022,1.257668,88.0,-1.433393,88.0,2.691061
1610887,73,775,223,0.659722222222222,2018,-0.8360838,73.0,0.7561739,94.0,1.5922577
336643,32,625,461,0.978021978021978,1977,-0.2805667,91.0,-0.2802207,91.0,0.000346
1201074,62,694,471,0.850649350649351,2007,-1.039326,79.0,0.07395722,69.0,1.11328322
7320,3,165,670,0.573684210526316,1948,0.8153103,101.0,0.2459988,97.0,0.5693115
440463,37,315,305,0.651898734177215,1982,-1.898269,158.0,0.9354984,158.0,2.8337674
1080893,59,435,651,0.976744186046512,2004,-1.071558,39.0,-1.358063,70.0,0.286505
1595561,73,411,373,0.961538461538462,2018,-0.3634625,69.0,-0.7209026,90.0,0.3574401
475100,38,630,42,0.934306569343066,1983,-0.5195927,139.0,0.2678742,144.0,0.7874669
30708,10,20,645,0.666666666666667,1955,1.52129,27.0,-0.04474551,27.0,1.56603551
942229,55,372,600,0.76865671641791,2000,0.9093777,65.0,-0.5035441,61.0,1.4129218
106966,19,52,712,1.0,1964,,,,,
1646022,74,705,221,0.648351648351648,2019,-0.629874,91.0,1.017164,91.0,1.647038
1381353,67,590,663,0.929411764705882,2012,-0.5973703,67.0,-0.7143502,68.0,0.1169799
1435905,69,110,775,0.936708860759494,2014,-0.7742998,80.0,-0.9802238,79.0,0.205924
1395802,68,54,986,0.441176470588235,2013,-0.2611542,17.0,1.600346,61.0,1.8615002
783814,50,352,155,0.943037974683544,1995,-0.004979501,81.0,-0.1330225,79.0,0.128042999
1610308,73,760,212,0.712765957446808,2018,-0.525993,94.0,0.9743644,95.0,1.5003574
205487,25,625,339,1.0,1970,-1.430879,63.0,-2.229581,21.0,0.798702
1344360,66,591,56,0.991803278688525,2011,-0.2958595,37.0,-0.2487948,64.0,0.0470647
514028,40,310,220,0.463333333333333,1985,-1.518931,151.0,2.005595,151.0,3.524526
1449713,69,452,698,0.915492957746479,2014,-0.4044147,72.0,-1.350122,79.0,0.9457073
703120,47,625,516,0.872340425531915,1992,-2.018132,70.0,-0.3355908,51.0,1.6825412
166753,23,310,433,0.57843137254902,1968,-1.989142,51.0,0.09094617,51.0,2.08008817
1667539,75,371,338,0.806451612903226,2020,0.1981863,93.0,0.6573111,96.0,0.4591248
981626,56,553,663,0.875,2001,-0.2191663,20.0,-1.216284,67.0,0.9971177
1713316,76,565,432,0.973333333333333,2021,-0.5158013,76.0,-0.8001991,76.0,0.2843978
427728,36,666,800,0.470873786407767,1981,2.385912,106.0,-0.1421342,131.0,2.5280462
162720,23,42,160,0.86046511627907,1968,0.3776221,43.0,0.4934912,51.0,0.1158691
185137,24,433,452,0.769230769230769,1969,0.4200782,42.0,-0.100285,41.0,0.5203632
1373328,67,411,910,0.9375,2012,-0.4734509,8.0,0.2204504,67.0,0.6939013
112864,19,450,20,1.0,1964,,,,,
123793,20,365,434,0.848484848484849,1965,-2.321785,40.0,-0.2362412,33.0,2.0855438
1625032,74,232,816,0.707865168539326,2019,0.7686413,91.0,-0.8005836,89.0,1.5692249
93160,17,840,350,0.695652173913043,1962,0.369862,46.0,1.283468,46.0,0.913606
41701,12,70,770,0.691176470588235,1957,-0.05351011,34.0,0.5493999,34.0,0.60291001
1379464,67,551,816,0.952380952380952,2012,-0.3320096,68.0,-1.139175,68.0,0.8071654
1102980,60,60,970,1.0,2005,-0.3206379,9.0,1.442612,8.0,1.7632499
907195,54,290,710,0.640449438202247,1999,1.166681,68.0,-0.6554809,68.0,1.8221619
669493,46,483,694,1.0,1991,-0.6906996,73.0,-0.8127799,75.0,0.1220803
1778960,78,395,200,0.86046511627907,2023,1.006261,87.0,2.057023,86.0,1.050762
1375319,67,451,343,0.774647887323944,2012,-0.579066,55.0,0.9355917,69.0,1.5146577
1185068,62,349,652,0.627777777777778,2007,1.023997,79.0,-1.507482,76.0,2.531479
1134245,60,920,490,0.744897959183674,2005,0.7521729,75.0,-0.4213668,41.0,1.1735397
1513862,71,232,811,0.763636363636364,2016,0.9258347,77.0,-0.8760458,73.0,1.8018805
64878,15,352,20,0.707920792079208,1960,0.2680777,101.0,0.9881295,103.0,0.7200518
1003742,57,331,616,0.69,2002,0.8983269,72.0,-1.185798,75.0,2.0841249
1619735,74,91,344,0.648351648351648,2019,0.09558406,91.0,1.047033,91.0,0.95144894
819623,51,420,436,0.935185185185185,1996,-0.8680652,58.0,-0.6843788,65.0,0.1836864
365378,34,52,434,0.976635514018692,1979,-0.1556981,121.0,-0.3884131,108.0,0.232715
898937,53,990,983,0.736486486486487,1998,0.1402319,60.0,1.202779,59.0,1.0625471
1269791,64,570,345,0.8,2009,-0.4808769,62.0,0.4296188,65.0,0.9104957
1722796,76,812,90,0.886666666666667,2021,-0.7526749,75.0,-0.02006335,77.0,0.73261155
192406,24,781,560,0.431034482758621,1969,0.3538482,42.0,2.910952,29.0,2.5571038
1656694,75,90,705,0.857894736842105,2020,0.1174667,96.0,-0.5315518,95.0,0.6490185
808785,51,94,830,0.908333333333333,1996,-0.1761082,60.0,-0.4330848,74.0,0.2569766
1348340,66,696,702,0.918604651162791,2011,-0.6887748,68.0,-0.3295869,62.0,0.3591879
46877,12,750,660,0.66,1957,-0.7619124,34.0,0.03678692,25.0,0.79869932
1650481,74,860,404,0.992307692307692,2019,-0.3644896,86.0,-0.4681904,65.0,0.1037008
839747,52,70,352,0.801136363636364,1997,-0.4591768,72.0,0.7511706,72.0,1.2103474
1708649,76,451,41,0.924242424242424,2021,-0.6363227,67.0,-0.06497932,71.0,0.57134338
69365,15,700,660,0.786458333333333,1960,-1.106816,103.0,-0.4254525,96.0,0.6813635
718903,48,212,940,0.742857142857143,1993,1.619708,64.0,0.3972718,35.0,1.2224362
637553,45,290,140,0.69375,1990,1.318303,81.0,-0.5089367,84.0,1.8272397
591017,43,390,552,0.697674418604651,1988,1.390035,134.0,-0.8161761,131.0,2.2062111
687510,47,155,42,0.897058823529412,1992,-0.1688797,72.0,0.3988433,34.0,0.567723
439587,37,235,553,0.794117647058823,1982,1.250878,158.0,0.7615911,153.0,0.4892869
1362260,67,135,339,0.818181818181818,2012,-0.07844944,69.0,0.9761286,69.0,1.05457804
1738793,77,349,770,0.619318181818182,2022,1.072519,88.0,-0.5101223,88.0,1.5826413
1574827,72,811,380,0.75,2017,-1.012869,89.0,0.8018388,90.0,1.8147078
322902,32,70,652,0.924418604651163,1977,0.3199346,87.0,-0.6849721,90.0,1.0049067
54669,14,20,840,0.768518518518518,1959,0.8838803,54.0,0.402502,54.0,0.4813783
1255967,64,305,920,0.941860465116279,2009,0.8640098,68.0,0.900025,68.0,0.0360151999999999
955145,55,704,359,0.888888888888889,2000,0.5011977,29.0,0.9262913,64.0,0.4250936
1454536,69,570,816,0.954545454545455,2014,-0.7951642,68.0,-1.111368,78.0,0.3162038
534993,41,95,690,0.950354609929078,1986,0.0924475,148.0,-0.4836489,147.0,0.5760964
1351473,66,775,93,0.88125,2011,-1.328139,54.0,-1.573134,68.0,0.244995
187020,24,483,490,0.9375,1969,-0.06139004,44.0,0.1308608,40.0,0.19225084
136491,21,305,439,0.729166666666667,1966,1.398561,50.0,0.3425128,48.0,1.0560482
1311768,65,701,90,0.958904109589041,2010,-0.7886084,57.0,-0.1830771,68.0,0.6055313
277345,29,696,2,0.472222222222222,1974,-0.4803214,72.0,2.111606,73.0,2.5919274
182461,24,310,95,0.573529411764706,1969,-1.711007,44.0,0.8189237,34.0,2.5299307
1395255,68,52,130,0.928571428571429,2013,-0.4408585,64.0,-1.330357,63.0,0.8894985
912739,54,402,812,0.973684210526316,1999,-0.732092,65.0,-1.170634,62.0,0.438542
341971,32,910,265,0.710843373493976,1977,0.6219274,83.0,-2.413882,91.0,3.0358094
223454,26,690,811,0.788235294117647,1971,-0.7128273,120.0,0.6841081,85.0,1.3969354
1548271,72,155,91,0.900826446280992,2017,-0.3538011,90.0,0.0894192,88.0,0.4432203
1541498,71,983,712,0.797872340425532,2016,0.7553151,67.0,-0.5226958,71.0,1.2780109
1605131,73,630,235,0.614130434782609,2018,-1.920915,92.0,0.9141612,95.0,2.8350762
848648,52,367,221,0.938271604938272,1997,1.447023,70.0,1.32802,67.0,0.119003
842575,52,150,450,0.902439024390244,1997,-0.05220672,69.0,-0.4599449,71.0,0.40773818
232188,27,345,572,0.91025641025641,1972,-0.3352405,102.0,0.2007034,78.0,0.5359439
750728,49,232,835,0.731481481481482,1994,1.269054,56.0,-0.8496208,66.0,2.1186748
1695996,76,140,696,0.868421052631579,2021,0.138674,76.0,-0.5695804,77.0,0.7082544
255438,28,551,694,0.913793103448276,1973,-0.5846163,90.0,-0.5280159,88.0,0.0566004
39920,11,670,616,0.824324324324324,1956,-0.9786387,58.0,-0.176442,39.0,0.8021967
1710416,76,500,317,0.594594594594595,2021,-0.7527235,74.0,1.215361,77.0,1.9680845
105497,18,811,530,0.96551724137931,1963,-0.5506945,31.0,-0.7551486,29.0,0.2044541
1658488,75,130,140,0.869791666666667,2020,-0.4364846,96.0,0.3268656,96.0,0.7633502
863596,52,750,950,0.76056338028169,1997,-1.171603,72.0,-0.4807716,57.0,0.6908314
1680676,75,666,705,0.287234042553192,2020,2.59196,95.0,-0.5315518,95.0,3.1235118
1029853,58,53,2,0.240740740740741,2003,-0.478479,68.0,2.915131,76.0,3.39361
1655904,75,58,625,0.951388888888889,2020,-0.543874,72.0,-1.104078,95.0,0.560204
659486,46,150,670,0.956521739130435,1991,-0.06453285,70.0,-0.8484589,74.0,0.78392605
1726760,76,987,760,0.517543859649123,2021,1.744723,58.0,-0.3322366,76.0,2.0769596
1135836,60,983,920,0.685897435897436,2005,1.904715,69.0,0.7521729,75.0,1.1525421
1329070,66,290,402,0.768292682926829,2011,1.039982,68.0,-0.3192333,59.0,1.3592153
50147,13,230,94,0.833333333333333,1958,1.872792,33.0,0.892173,33.0,0.980619
925573,54,781,325,0.71978021978022,1999,-0.411629,65.0,1.130413,68.0,1.542042
911841,54,375,640,0.895348837209302,1999,1.136203,68.0,0.6673142,65.0,0.4688888
432519,36,935,31,0.91358024691358,1981,-0.5195441,82.0,0.1948049,131.0,0.714349
1668775,75,390,663,0.708333333333333,2020,1.206844,96.0,-0.5556291,96.0,1.7624731
1102247,60,56,100,0.970238095238095,2005,-0.7016151,71.0,-0.4780053,74.0,0.2236098
635101,45,140,110,0.964285714285714,1990,-0.5089367,84.0,-0.8154904,86.0,0.3065537
1174998,62,54,990,0.882978723404255,2007,-0.5062962,45.0,0.1819586,68.0,0.6882548
515871,40,369,990,0.802158273381295,1985,-1.421188,149.0,0.3302044,142.0,1.7513924
1774958,78,345,230,0.811688311688312,2023,0.4641616,77.0,1.129384,87.0,0.6652224
475996,38,660,670,0.954861111111111,1983,0.1130351,145.0,-0.2962906,147.0,0.4093257
438396,37,165,900,0.719745222929936,1982,0.4005331,157.0,1.428556,158.0,1.0280229
186319,24,452,850,0.82051282051282,1969,-0.100285,41.0,-0.5547671,42.0,0.4544821
1675536,75,541,41,0.919354838709677,2020,-0.4806632,95.0,0.1607831,62.0,0.6414463
674972,46,652,694,1.0,1991,-0.946353,70.0,-0.8127799,75.0,0.1335731
1264270,64,438,380,0.703947368421053,2009,-0.7959637,61.0,0.9190637,68.0,1.7150274
894940,53,770,305,0.650602409638554,1998,-0.6983945,64.0,1.163366,64.0,1.8617605
113616,19,481,640,1.0,1964,,,,,
1444148,69,365,702,0.815068493150685,2014,0.05507694,78.0,-0.9158079,75.0,0.97088484
984809,56,652,571,0.892307692307692,2001,-1.27602,68.0,-0.4728273,55.0,0.8031927
937609,55,305,94,0.82089552238806,2000,1.072608,66.0,-0.06034057,60.0,1.13294857
842104,52,135,704,0.784313725490196,1997,-0.1973079,72.0,0.674152,38.0,0.8714599
296895,30,690,670,0.908333333333333,1975,-0.3652098,68.0,0.2270313,61.0,0.5922411
989909,56,812,344,0.703125,2001,-1.32257,61.0,0.8843108,68.0,2.2068808
806599,51,54,630,0.846938775510204,1996,-0.1733313,52.0,-1.946548,68.0,1.7732167
1523222,71,439,570,0.980769230769231,2016,-0.5713767,72.0,-0.7599878,75.0,0.1886111
79744,16,678,305,0.520547945205479,1961,-0.9280219,73.0,0.8431026,74.0,1.7711245
1517851,71,359,590,0.745192307692308,2016,0.8492725,75.0,-0.4642944,76.0,1.3135669
1390097,67,820,317,0.738636363636364,2012,-0.8035871,69.0,1.029323,69.0,1.8329101
253822,28,481,580,0.909638554216867,1973,-0.2791594,84.0,-0.5898913,89.0,0.3107319
274917,29,615,130,0.746153846153846,1974,-1.211922,72.0,0.6006316,66.0,1.8125536
555287,41,910,53,0.937956204379562,1986,0.09868342,141.0,0.2420206,149.0,0.14333718
600916,43,692,590,0.946969696969697,1988,-0.250941,136.0,-0.1114964,132.0,0.1394446
1704519,76,371,372,0.773333333333333,2021,0.1578706,76.0,0.8135352,76.0,0.6556646
1098446,59,946,93,1.0,2004,0.3937201,2.0,0.02753056,70.0,0.36618954
567077,42,420,100,0.948148148148148,1987,-0.226393,139.0,0.06688404,140.0,0.29327704
320201,31,820,31,0.908536585365854,1976,-0.1469346,87.0,0.7577806,82.0,0.9047152
1128657,60,702,115,0.924050632911392,2005,-0.2731931,68.0,-0.6115424,71.0,0.3383493
1361968,67,115,696,0.968354430379747,2012,-0.6486773,65.0,-1.053207,69.0,0.4045297
1635738,74,481,581,0.993055555555556,2019,-0.6999885,86.0,-0.5541362,73.0,0.1458523
1371462,67,373,221,0.767605633802817,2012,-0.5325816,63.0,0.9396959,65.0,1.4722775
647455,45,616,812,0.981707317073171,1990,-0.7628737,85.0,-0.7602697,83.0,0.0026039999999999
700310,47,541,350,0.806122448979592,1992,-0.5992612,50.0,0.9423117,73.0,1.5415729
72339,16,130,370,0.408450704225352,1961,0.7116165,71.0,-2.317283,74.0,3.0288995
1647836,74,771,590,0.98876404494382,2019,-0.5831444,91.0,-0.5403461,89.0,0.0427983
1596189,73,433,600,0.971910112359551,2018,-0.3304559,92.0,-0.4519652,92.0,0.1215093
1237947,63,696,530,0.887096774193548,2008,-0.8369565,76.0,-0.449917,74.0,0.3870395
1283380,65,20,434,0.662162162162162,2010,1.556826,68.0,-0.1590885,55.0,1.7159145
1592463,73,366,310,0.926315789473684,2018,1.147035,95.0,1.356959,95.0,0.209924
1344636,66,600,450,0.933333333333333,2011,-0.5986364,68.0,-0.2970075,62.0,0.3016289
666413,46,404,115,1.0,1991,-0.6708777,58.0,-0.6113401,75.0,0.0595376
113452,19,475,310,1.0,1964,,,,,
1309000,65,640,531,0.817073170731707,2010,0.4603953,66.0,-0.7443145,66.0,1.2047098
91681,17,678,651,0.946428571428571,1962,-0.7131456,29.0,-1.028509,45.0,0.3153634
1472645,70,101,221,0.574626865671642,2015,-1.62245,69.0,1.095997,71.0,2.718447
1485768,70,437,510,0.876923076923077,2015,-0.1614371,66.0,-0.8883018,72.0,0.7268647
153241,22,385,135,0.74468085106383,1967,1.539258,57.0,0.8989168,47.0,0.6403412
321806,32,40,200,0.5625,1977,-1.690015,89.0,2.095581,90.0,3.785596
157461,22,571,435,0.342105263157895,1967,0.9661855,38.0,-2.086504,54.0,3.0526895
1283149,65,2,305,0.546511627906977,2010,2.53114,67.0,0.7486909,68.0,1.7824491
1168938,61,812,316,0.668421052631579,2006,-0.8989906,82.0,1.123575,92.0,2.0225656
81051,16,812,920,0.746268656716418,1961,0.3017498,67.0,1.454077,74.0,1.1523272
1289772,65,165,900,0.75,2010,-0.136898,66.0,1.322392,68.0,1.45929
450748,37,630,553,0.821428571428571,1982,-0.5535387,144.0,0.7615911,153.0,1.3151298
1028088,57,987,540,0.378571428571429,2002,2.339522,66.0,-0.6935406,66.0,3.0330626
1631616,74,390,200,0.906593406593407,2019,1.139313,91.0,1.670448,91.0,0.531135
825125,51,553,221,0.76984126984127,1996,-0.312154,70.0,1.457624,66.0,1.769778
1101332,60,51,344,0.722772277227723,2005,-0.6237564,75.0,0.9933964,75.0,1.6171528
1393292,67,983,835,0.529411764705882,2012,1.300101,60.0,-0.875509,69.0,2.17561
1078582,59,380,500,0.650602409638554,2004,0.9635717,72.0,-0.231299,68.0,1.1948707
1774388,78,341,255,0.959770114942529,2023,1.132459,87.0,1.33508,87.0,0.202621
1548806,72,165,811,0.947826086956522,2017,-0.4761164,88.0,-1.012869,89.0,0.5367526
1509615,71,100,694,0.853448275862069,2016,-0.1860634,76.0,-0.8494126,78.0,0.6633492
1081239,59,437,483,0.952380952380952,2004,-0.2346895,68.0,-1.156547,19.0,0.9218575
1676081,75,552,780,0.865591397849462,2020,-0.4560584,93.0,-0.7609063,96.0,0.3048479
129865,20,670,690,0.958333333333333,1965,-0.4176135,38.0,-0.1895419,38.0,0.2280716
15143,5,450,40,0.826530612244898,1950,0.2125433,49.0,0.353189,53.0,0.1406457
1180567,62,212,140,0.760869565217391,2007,1.014989,79.0,-0.190989,78.0,1.205978
568004,42,437,53,0.897887323943662,1987,0.609963,144.0,0.1048101,142.0,0.5051529
297360,30,698,55,0.934426229508197,1975,0.1502856,66.0,0.4267306,63.0,0.276445
673700,46,616,140,0.986111111111111,1991,-0.7550665,72.0,-0.4644546,74.0,0.2906119
758166,49,451,40,0.890909090909091,1994,-0.6990515,58.0,-1.614873,63.0,0.9158215
966085,56,101,372,0.762820512820513,2001,-0.5458098,68.0,0.9093611,66.0,1.4551709
1743148,77,411,600,0.929824561403509,2022,-0.6040624,59.0,-0.4700761,84.0,0.1339863
1296934,65,369,402,0.810810810810811,2010,0.8562903,67.0,-0.3590516,57.0,1.2153419
255294,28,530,645,0.919753086419753,1973,-0.1112064,88.0,-0.7192817,83.0,0.6080753
37529,11,325,660,0.633928571428571,1956,1.597686,60.0,-0.5096212,56.0,2.1073072
1496004,70,690,790,0.958333333333333,2015,-1.018941,73.0,-0.7430552,72.0,0.2758858
1658452,75,115,947,0.93859649122807,2020,-0.5632764,92.0,0.1254365,59.0,0.6887129
1219332,63,310,95,0.821052631578947,2008,1.002297,76.0,-0.01354551,75.0,1.01584251
1193237,62,490,438,0.959183673469388,2007,-0.4510953,44.0,-0.8721722,77.0,0.4210769
1381509,67,591,484,0.925,2012,-0.1929525,21.0,-0.5674963,66.0,0.3745438
1791085,78,679,698,0.917647058823529,2023,-0.4240973,85.0,-0.9463238,87.0,0.5222265
185698,24,438,20,0.387096774193548,1969,-1.47646,31.0,1.723192,44.0,3.199652
238303,27,580,355,0.755,1972,-0.525024,101.0,-1.994667,101.0,1.469643
695930,47,433,983,0.761538461538461,1992,-0.7183985,68.0,1.003398,71.0,1.7217965
1482489,70,372,438,0.695652173913043,2015,0.8409745,72.0,-0.8246954,70.0,1.6656699
1692602,76,56,990,0.946428571428571,2021,-0.469931,74.0,-0.03617432,56.0,0.43375668
195084,25,92,94,0.983870967741935,1970,1.453877,41.0,1.018242,47.0,0.435635
448218,37,541,339,0.985507246376812,1982,-1.234899,154.0,-1.351774,73.0,0.116875
324156,32,110,402,0.964788732394366,1977,-0.6100008,88.0,-0.45764,71.0,0.1523608
170642,23,461,482,0.744897959183674,1968,0.07493796,50.0,0.556547,50.0,0.48160904
1413645,68,482,850,0.833333333333333,2013,-0.3962868,3.0,-0.9358073,64.0,0.5395205
917211,54,540,760,0.908045977011494,1999,-0.7279442,66.0,-0.7244971,66.0,0.0034471
290738,30,450,395,0.850877192982456,1975,1.055118,58.0,1.305607,68.0,0.250489
124199,20,375,830,0.58695652173913,1965,1.128828,40.0,-0.7661829,23.0,1.8950109
699483,47,516,482,0.971428571428571,1992,-0.3355908,51.0,-0.2824131,46.0,0.0531777
1174399,62,51,780,0.962365591397849,2007,-0.5265764,79.0,-0.6771574,79.0,0.150581
1736531,77,316,2,0.761363636363636,2022,1.481582,88.0,2.509641,88.0,1.028059
1444441,69,367,345,0.9125,2014,1.046759,80.0,0.6215403,80.0,0.4252187
451855,37,666,680,0.409090909090909,1982,2.114391,137.0,-1.156332,151.0,3.270723
461178,38,101,680,0.924460431654676,1983,-0.1633615,145.0,-1.150512,143.0,0.9871505
1455310,69,581,860,0.90625,2014,-0.8889702,35.0,-0.3268819,71.0,0.5620883
1046603,58,471,145,0.876623376623377,2003,-0.07776781,65.0,-0.1811219,75.0,0.10335409
400304,35,530,260,0.53,1980,-0.7338645,100.0,1.946792,103.0,2.6806565
732898,48,581,625,0.948275862068966,1993,-0.7650805,60.0,-1.860596,62.0,1.0955155
91372,17,663,820,0.677777777777778,1962,-0.5614596,45.0,0.4296646,46.0,0.9911242
1024402,57,812,696,0.980519480519481,2002,-1.02535,63.0,-1.109488,72.0,0.084138
1769101,78,140,510,0.95679012345679,2023,-0.3250673,85.0,-0.3766757,82.0,0.0516084
1246526,64,2,461,0.33125,2009,2.560973,68.0,-0.5156276,65.0,3.0766006
783423,50,346,983,0.870689655172414,1995,0.6412024,60.0,0.5844174,78.0,0.056785
262681,29,51,135,0.962121212121212,1974,0.1430913,67.0,0.1146557,72.0,0.0284356
629369,44,840,811,0.990566037735849,1989,-0.109968,116.0,-0.47559,106.0,0.365622
525205,40,652,432,0.960714285714286,1985,-1.446071,145.0,-0.4811807,150.0,0.9648903
890278,53,630,696,0.939189189189189,1998,-1.447444,61.0,-0.7668518,61.0,0.6805922
1483082,70,380,517,0.807692307692308,2015,0.6759736,73.0,-0.4500166,39.0,1.1259902
830802,51,702,983,0.817073170731707,1996,0.8102217,41.0,0.9290204,74.0,0.1187987
59506,14,660,616,0.833333333333333,1959,-0.1816246,52.0,-0.3391265,52.0,0.1575019
1339076,66,475,484,0.993150684931507,2011,-0.501502,51.0,-0.6270032,63.0,0.1255012
551150,41,690,615,0.96875,1986,-0.4836489,147.0,-1.218616,151.0,0.7349671
241192,27,698,385,0.76063829787234,1972,-0.3770464,94.0,1.237815,102.0,1.6148614
11603,4,390,530,0.490909090909091,1949,1.858837,62.0,0.1863583,55.0,1.6724787
419562,36,411,775,0.911764705882353,1981,0.1528312,38.0,0.280291,127.0,0.1274598
983994,56,625,56,0.953846153846154,2001,-1.539328,67.0,-0.7917844,59.0,0.7475436
1134667,60,940,696,0.883116883116883,2005,0.0761309,64.0,-0.9455112,74.0,1.0216421
1087343,59,572,591,1.0,2004,-0.4803615,50.0,-0.669506,52.0,0.1891445
268404,29,355,211,0.575342465753425,1974,-2.089661,73.0,1.692973,73.0,3.782634
1072677,59,235,436,0.661538461538462,2004,0.9952938,72.0,-0.9399884,52.0,1.9352822
511490,40,150,60,0.858695652173913,1985,0.653742,103.0,0.7222747,49.0,0.0685327
422436,36,484,482,0.889423076923077,1981,-0.7671898,122.0,0.3560077,114.0,1.1231975
1401981,68,223,155,0.741935483870968,2013,0.8271459,63.0,-0.1992765,63.0,1.0264224
1095431,59,790,230,0.705882352941177,2004,-0.6978521,70.0,1.0242,72.0,1.7220521
1519618,71,372,780,0.752380952380952,2016,0.9215742,72.0,-0.6547174,76.0,1.5762916
454969,37,790,771,0.984177215189873,1982,-0.04811817,158.0,-0.1339958,158.0,0.08587763
294144,30,580,390,0.681159420289855,1975,-0.7665121,69.0,1.60755,69.0,2.3740621
1773546,78,317,750,0.604651162790698,2023,1.286825,87.0,-0.2516552,86.0,1.5384802
504024,39,790,481,0.966442953020134,1984,-0.08249886,149.0,-0.1157526,150.0,0.03325374
1051189,58,571,520,0.929577464788732,2003,-0.4530537,73.0,-1.056801,56.0,0.6037473
1549017,72,200,983,0.717391304347826,2017,1.673716,89.0,0.951216,75.0,0.7225
1345955,66,640,367,0.928571428571429,2011,0.5362881,64.0,1.041702,68.0,0.5054139
1044543,58,432,211,0.728260869565217,2003,-0.7140842,76.0,1.226952,75.0,1.9410362
427762,36,670,94,0.921487603305785,1981,0.008712955,129.0,0.2849272,126.0,0.276214245
512790,40,212,370,0.516778523489933,1985,1.761729,153.0,-1.525498,151.0,3.287227
1316315,65,830,816,0.958333333333333,2010,-0.4891586,68.0,-1.313232,66.0,0.8240734
1337886,66,439,355,0.732954545454545,2011,-0.4861254,64.0,1.032269,67.0,1.5183944
534436,41,92,212,0.698275862068966,1986,0.6919992,116.0,1.822314,154.0,1.1303148
1454974,69,580,160,0.871212121212121,2014,0.02289619,66.0,-0.1517424,80.0,0.17463859
907312,54,305,438,0.702380952380952,1999,1.04853,68.0,-0.7496613,62.0,1.7981913
1167170,61,760,31,0.905660377358491,2006,-0.5183983,88.0,-0.1600701,91.0,0.3583282
817522,51,370,666,0.528169014084507,1996,0.5889024,73.0,2.663261,72.0,2.0743586
1339495,66,482,652,0.590909090909091,2011,-0.18235,21.0,-1.654483,64.0,1.472133
1206549,62,840,200,0.619565217391304,2007,-0.4369638,79.0,1.669436,79.0,2.1063998
680658,46,900,920,0.979166666666667,1991,1.176528,73.0,1.072042,73.0,0.104486
1594854,73,395,651,0.654255319148936,2018,0.8858618,95.0,-1.241556,94.0,2.1274178
668751,46,471,331,1.0,1991,-0.2699552,72.0,1.351013,1.0,1.6209682
534696,41,93,800,0.926573426573427,1986,-1.09111,149.0,-0.1714825,148.0,0.9196275
894123,53,731,552,0.932203389830508,1998,-1.880338,52.0,-1.093654,61.0,0.786684
1558015,72,402,770,0.797413793103448,2017,-0.5523686,87.0,-0.2266688,88.0,0.3256998
159570,22,678,520,0.941860465116279,1967,-1.891891,49.0,-1.151128,49.0,0.740763
721525,48,338,705,0.889830508474576,1993,0.9308709,63.0,0.5480232,61.0,0.3828477
1054386,58,666,522,0.292134831460674,2003,2.397867,75.0,-1.051649,74.0,3.449516
1197484,62,590,660,0.930232558139535,2007,-0.3738202,79.0,-0.7887974,76.0,0.4149772
768960,49,750,700,0.868421052631579,1994,-1.401117,68.0,-1.167687,57.0,0.23343
685249,47,91,820,0.929577464788732,1992,-0.1048354,71.0,-1.140201,74.0,1.0353656
856208,52,541,630,0.902439024390244,1997,-0.720644,69.0,-1.893672,69.0,1.173028
168169,23,369,651,0.754901960784314,1968,-1.692366,51.0,-1.33241,51.0,0.359956
1400625,68,200,93,0.492063492063492,2013,1.672239,64.0,-1.602399,63.0,3.274638
1274202,64,692,380,0.666666666666667,2009,-0.962622,67.0,0.9190637,68.0,1.8816857
1275915,64,705,369,0.740963855421687,2009,-0.2053357,68.0,0.9678121,66.0,1.1731478
1408022,68,370,570,0.890909090909091,2013,-0.3249042,57.0,-0.7167285,60.0,0.3918243
459240,38,57,365,0.66875,1983,0.3501235,80.0,-1.872234,149.0,2.2223575
1756600,77,710,93,0.873563218390805,2022,-1.092473,87.0,-1.718362,88.0,0.625889
442025,37,369,370,0.996835443037975,1982,-1.891639,158.0,-1.883821,158.0,0.0078180000000001
219732,26,516,461,0.928571428571429,1971,-0.383712,118.0,0.165201,114.0,0.548913
1104559,60,100,343,0.752631578947368,2005,-0.4780053,74.0,0.9701085,74.0,1.4481138
1344021,66,581,339,0.641176470588235,2011,-0.8595265,57.0,1.025749,66.0,1.8852755
1595037,73,402,600,0.952941176470588,2018,-0.4369623,86.0,-0.4519652,92.0,0.0150029
1651544,74,940,970,0.826086956521739,2019,-0.116308,69.0,0.3292419,64.0,0.4455499
738027,48,712,710,0.513888888888889,1993,2.050475,37.0,-1.470747,62.0,3.521222
979795,56,510,385,0.716049382716049,2001,-0.8900775,68.0,1.229726,69.0,2.1198035
420931,36,439,666,0.485436893203884,1981,0.1576925,131.0,2.385912,106.0,2.2282195
1644960,74,698,616,0.971910112359551,2019,-0.9452903,90.0,-0.7294698,90.0,0.2158205
1548403,72,155,701,0.970930232558139,2017,-0.3538011,90.0,-0.8893476,66.0,0.5355465
452808,37,694,830,0.945205479452055,1982,-0.347335,156.0,0.2691565,148.0,0.6164915
19271,6,670,2,0.42,1951,-0.5362845,25.0,1.74761,25.0,2.2838945
608277,44,70,501,0.941441441441441,1989,-0.3742231,114.0,0.1123502,113.0,0.4865733
346967,33,205,339,0.532608695652174,1978,1.514196,127.0,-1.981316,46.0,3.495512
535679,41,130,110,0.949664429530201,1986,-0.0070831,151.0,-0.6016289,152.0,0.5945458
1660500,75,210,565,0.696808510638298,2020,1.200768,96.0,-0.5989366,94.0,1.7997046
1261127,64,373,946,0.625,2009,-0.2300954,62.0,1.002899,4.0,1.2329944
241427,27,710,160,0.766233766233766,1972,-0.7136118,77.0,0.7026602,102.0,1.416272
1725188,76,940,552,0.858490566037736,2021,-0.3324697,55.0,-0.711307,75.0,0.3788373
8375,3,560,2,0.75,1948,1.220117,96.0,1.886102,103.0,0.665985
1226470,63,432,439,0.982954545454545,2008,-0.5911692,73.0,-0.4341499,71.0,0.1570193
1026716,57,946,212,0.8,2002,-0.2472922,7.0,1.164411,75.0,1.4117032
908931,54,344,771,0.758241758241758,1999,0.9195964,66.0,-0.8138573,68.0,1.7334537
707264,47,732,522,0.852941176470588,1992,0.5512035,73.0,-0.6920615,69.0,1.243265
1497041,70,701,317,0.625,2015,-0.942043,60.0,1.078366,73.0,2.020409
729070,48,483,581,0.983050847457627,1993,-0.8071657,62.0,-0.7650805,60.0,0.0420851999999999
1599920,73,510,92,0.966292134831461,2018,-0.8045957,89.0,-0.488572,93.0,0.3160237
894551,53,750,56,0.762820512820513,1998,-0.6671006,64.0,-0.5862494,60.0,0.0808512
1327509,66,220,341,0.927083333333333,2011,1.304824,68.0,0.8731655,67.0,0.4316585
1658762,75,135,520,1.0,2020,-0.1466351,95.0,-0.6126818,1.0,0.4660467
1235832,63,645,461,0.923529411764706,2008,-0.6667754,69.0,-0.6122261,76.0,0.0545493
515516,40,360,645,0.940972222222222,1985,-0.7373691,150.0,-0.8939447,149.0,0.1565756
138813,21,420,600,0.555555555555556,1966,0.4281674,9.0,-0.5230224,50.0,0.9511898
849241,52,370,551,0.818181818181818,1997,0.4121582,72.0,-0.2836623,63.0,0.6958205
359163,33,663,290,0.733050847457627,1978,-0.09328319,120.0,-1.825366,124.0,1.73208281
487252,39,165,620,0.895104895104895,1984,0.2245003,148.0,-1.248312,146.0,1.4728123
824885,51,551,790,0.922535211267606,1996,-0.4482896,71.0,-0.633703,74.0,0.1854134
1694007,76,92,365,0.710526315789474,2021,-0.4471666,76.0,0.1087701,77.0,0.5559367
34906,11,20,850,0.575,1956,1.360816,60.0,-0.8173829,60.0,2.1781989
424324,36,551,692,0.950381679389313,1981,-0.2854477,133.0,-0.3176544,132.0,0.0322067
1708890,76,452,331,0.753521126760563,2021,-0.4361151,71.0,0.6783312,76.0,1.1144463
1682395,75,701,692,0.977611940298508,2020,-0.6925012,67.0,-0.5319016,96.0,0.1605996
909915,54,359,501,0.682352941176471,1999,0.9938084,65.0,-0.5604265,65.0,1.5542349
569001,42,461,390,0.732394366197183,1987,-0.03399615,144.0,1.395627,142.0,1.42962315
1224440,63,373,780,0.956989247311828,2008,-0.3599396,74.0,-1.023965,76.0,0.6640254
1444350,69,366,760,0.673076923076923,2014,1.040483,80.0,-0.5859926,78.0,1.6264756
978406,56,471,565,0.981818181818182,2001,-0.6027859,51.0,-0.6456041,62.0,0.0428182
249072,28,290,840,0.764367816091954,1973,-2.163404,90.0,0.1206964,87.0,2.2841004
547653,41,571,404,0.982269503546099,1986,-0.1249679,153.0,-0.3887062,142.0,0.2637383
529738,40,830,338,0.96484375,1985,0.0007258588,139.0,-0.2374687,142.0,0.2381945588
943104,55,390,451,0.753731343283582,2000,1.192658,67.0,-0.5505514,58.0,1.7432094
497519,39,552,80,0.90625,1984,-0.5620486,133.0,0.2089364,84.0,0.770985
546437,41,522,591,0.966292134831461,1986,-0.1565312,143.0,-0.9755291,98.0,0.8189979
205902,25,645,520,0.990909090909091,1970,-1.446805,63.0,-1.167288,58.0,0.279517
5542,2,670,678,0.921052631578947,1947,0.221159,32.0,0.3291449,19.0,0.1079859
650532,45,740,40,0.630952380952381,1990,1.524072,84.0,-1.714248,85.0,3.23832
1459719,69,698,812,0.973684210526316,2014,-1.350122,79.0,-1.124451,77.0,0.225671
1535200,71,712,40,0.8,2016,-0.5226958,71.0,-1.881384,77.0,1.3586882
488581,39,260,130,0.550335570469799,1984,1.873198,151.0,-0.1107474,149.0,1.9839454
1202094,62,702,780,0.959459459459459,2007,-0.3246836,66.0,-0.6771574,79.0,0.3524738
1130615,60,760,411,1.0,2005,-0.4678994,68.0,-0.1757545,2.0,0.2921449
340202,32,775,55,0.970588235294118,1977,-0.4361308,91.0,0.110813,17.0,0.5469438
1310786,65,690,940,0.946428571428571,2010,-1.054499,68.0,-0.3808209,65.0,0.6736781
1315401,65,811,94,0.964705882352941,2010,-0.7598449,65.0,-0.2587441,68.0,0.5011008
1716953,76,660,450,0.829545454545455,2021,-0.7187431,76.0,0.3250039,45.0,1.043747
741471,48,850,343,0.790322580645161,1993,-1.416928,65.0,0.6169817,62.0,2.0339097
1528673,71,571,41,0.963414634146341,2016,-0.4326059,68.0,-0.2612155,54.0,0.1713904
46839,12,750,205,0.735294117647059,1957,-0.7619124,34.0,0.3533258,34.0,1.1152382
425279,36,581,2,0.398305084745763,1981,0.1287947,60.0,2.78154,133.0,2.6527453
22984,7,700,840,0.75531914893617,1952,-1.007575,47.0,0.07063345,49.0,1.07820845
1573319,72,760,500,0.908256880733945,2017,-0.6487354,86.0,-1.074281,88.0,0.4255456
710820,47,920,501,0.754545454545455,1992,1.011101,73.0,-0.302568,56.0,1.313669
542635,41,433,436,0.970394736842105,1986,0.01105098,153.0,-0.2356397,153.0,0.24669068
592492,43,435,41,0.969565217391304,1988,-0.5763814,125.0,-0.05753476,126.0,0.51884664
427914,36,678,92,0.970833333333333,1981,-0.4713713,122.0,0.153003,130.0,0.6243743
352591,33,436,500,0.974576271186441,1978,-0.1056247,119.0,-0.1864095,126.0,0.0807848
961547,55,987,820,0.568181818181818,2000,1.945237,58.0,-0.7052926,67.0,2.6505296
1546221,72,94,395,0.741803278688525,2017,-0.2149231,90.0,0.9253678,89.0,1.1402909
453451,37,712,58,0.810606060606061,1982,-1.862474,153.0,0.02011792,67.0,1.88259192
1253881,64,212,40,0.615853658536585,2009,0.9529029,67.0,-1.636658,67.0,2.5895609
1103560,60,91,42,0.944444444444444,2005,0.05341019,65.0,0.02545636,72.0,0.02795383
1247916,64,52,702,0.942857142857143,2009,-0.48464,67.0,-0.4330027,62.0,0.0516373
1775654,78,350,790,0.658823529411765,2023,1.027719,87.0,-0.4818516,85.0,1.5095706
99594,18,434,775,0.851851851851852,1963,0.1540908,27.0,-0.2408094,31.0,0.3949002
328670,32,360,481,0.955555555555556,1977,-0.8837962,91.0,-0.1977167,90.0,0.6860795
95852,18,150,437,0.814814814814815,1963,0.7969317,27.0,0.1304972,30.0,0.6664345
881076,53,385,436,0.74375,1998,1.21606,64.0,-0.7727916,62.0,1.9888516
427120,36,651,900,0.67910447761194,1981,-0.01005349,134.0,1.515858,134.0,1.52591149
1491548,70,570,591,0.970588235294118,2015,-0.5351533,62.0,-0.5995104,17.0,0.0643570999999999
1388363,67,771,235,0.764367816091954,2012,-0.8490509,69.0,0.9191363,69.0,1.7681872
1265487,64,471,701,0.84375,2009,0.1710675,65.0,-0.8780867,52.0,1.0491542
352988,33,439,265,0.666666666666667,1978,0.1810974,91.0,-2.199179,126.0,2.3802764
1458665,69,679,373,0.962686567164179,2014,-1.105844,74.0,-0.6186079,71.0,0.4872361
1184014,62,341,211,0.978021978021978,2007,0.9319172,78.0,1.015691,79.0,0.0837737999999999
143683,21,645,850,0.883720930232558,1966,-1.340436,45.0,-0.5389331,48.0,0.8015029
846287,52,325,651,0.682352941176471,1997,1.510804,72.0,-0.9337706,70.0,2.4445746
909316,54,350,91,0.6328125,1999,1.127959,68.0,-0.523765,41.0,1.651724
646038,45,570,565,0.970238095238095,1990,-0.1108659,85.0,-0.8419993,85.0,0.7311334
1756620,77,710,221,0.551724137931034,2022,-1.092473,87.0,1.149944,88.0,2.242417
1460951,69,710,343,0.642857142857143,2014,-0.8470172,78.0,0.8966436,35.0,1.7436608
444736,37,437,760,0.912698412698413,1982,0.5197515,130.0,-0.2703116,153.0,0.7900631
1217765,63,221,840,0.735294117647059,2008,0.9681667,69.0,-0.5042,74.0,1.4723667
273208,29,516,482,0.860655737704918,1974,-1.210522,68.0,-0.05472644,65.0,1.15579556
1527399,71,541,371,0.815533980582524,2016,-0.7581372,75.0,0.1719258,77.0,0.930063
938084,55,316,679,0.746153846153846,2000,1.195954,67.0,-0.7164702,60.0,1.9124242
1444991,69,370,165,0.891891891891892,2014,-0.3271132,75.0,-0.449278,79.0,0.1221648
611062,44,160,325,0.632743362831858,1989,-0.2336228,114.0,1.82227,114.0,2.0558928
624397,44,652,211,0.618181818181818,1989,-1.052597,112.0,1.859912,114.0,2.912509
1694441,76,94,565,0.953947368421053,2021,-0.144014,77.0,-0.5158013,76.0,0.3717873
928864,54,990,625,0.8375,1999,0.3271997,62.0,-1.515272,68.0,1.8424717
1552971,72,339,520,0.668539325842697,2017,1.052154,90.0,-0.6057599,59.0,1.6579139
265856,29,205,439,0.698529411764706,1974,1.395805,73.0,-0.4688644,68.0,1.8646694
229094,27,130,51,0.921686746987952,1972,0.1401006,84.0,0.2131367,101.0,0.0730361
583931,43,91,451,0.936507936507937,1988,0.3466177,126.0,-0.3052602,135.0,0.6518779
441820,37,365,52,0.796178343949045,1982,-1.906098,158.0,-0.1889624,157.0,1.7171356
613023,44,290,692,0.950892857142857,1989,-0.3030871,112.0,-0.5254906,116.0,0.2224035
836932,51,990,223,0.871621621621622,1996,0.3382697,74.0,1.121561,74.0,0.7832913
1405246,68,344,160,0.73015873015873,2013,0.9716222,63.0,-0.139762,64.0,1.1113842
122954,20,338,211,0.961538461538462,1965,1.740614,13.0,1.814997,40.0,0.0743829999999999
736121,48,690,990,0.8875,1993,-0.3730423,62.0,0.3748562,42.0,0.7478985
526143,40,680,403,0.976377952755906,1985,-1.221652,144.0,-0.5060107,136.0,0.7156413
1552822,72,338,704,0.747524752475248,2017,0.7008252,89.0,-0.2523709,86.0,0.9531961
1730192,77,80,712,0.954545454545455,2022,-0.3936649,79.0,-0.5353144,86.0,0.1416495
167256,23,339,436,0.5,1968,-2.484075,12.0,0.2693842,45.0,2.7534592
123459,20,352,483,1.0,1965,-0.3065941,22.0,-0.1817313,25.0,0.1248628
1797451,78,860,92,0.965753424657534,2023,-0.1435464,73.0,-0.2194712,87.0,0.0759248
678840,46,790,41,0.991803278688525,1991,-0.5428126,74.0,-0.5936708,62.0,0.0508582000000001
610557,44,145,60,0.958333333333333,1989,-0.400328,116.0,0.2130565,72.0,0.6133845
187972,24,520,165,0.681818181818182,1969,-0.6284697,36.0,1.307282,35.0,1.9357517
714897,48,90,316,0.696428571428571,1993,-0.3654333,56.0,1.523171,64.0,1.8886043
216401,26,395,92,0.76,1971,0.6620402,96.0,0.7399043,93.0,0.0778641
1730236,77,90,53,0.864197530864197,2022,0.2058434,87.0,-0.2183924,81.0,0.4242358
74446,16,325,740,0.810810810810811,1961,1.574316,74.0,0.7879497,74.0,0.7863663
597545,43,580,160,0.966417910447761,1988,-0.9087579,135.0,-0.2317567,134.0,0.6770012
1321350,66,53,223,0.773684210526316,2011,-0.3687764,66.0,0.7786591,68.0,1.1474355
290078,30,435,660,0.927272727272727,1975,-0.4023339,64.0,-0.08492097,57.0,0.31741293
953013,55,666,481,0.338235294117647,2000,2.302008,67.0,-0.7478372,60.0,3.0498452
1174323,62,51,434,0.971264367816092,2007,-0.5265764,79.0,-0.4330819,75.0,0.0934944999999999
1001916,57,230,781,0.686170212765957,2002,1.15265,75.0,-0.4793564,71.0,1.6320064
605636,43,950,651,0.93359375,1988,0.2573065,129.0,-0.4352743,135.0,0.6925808
713878,48,56,80,0.93859649122807,1993,-0.2556944,61.0,0.05875087,60.0,0.31444527
366996,34,100,345,0.955445544554455,1979,0.128677,101.0,-0.2233757,122.0,0.3520527
646176,45,571,484,0.969135802469136,1990,-0.06314853,85.0,-0.5442439,82.0,0.48109537
176267,23,770,481,0.719512195121951,1968,-0.7129665,50.0,0.5487519,41.0,1.2617184
677156,46,712,800,0.971830985915493,1991,-0.2141897,71.0,-0.6002016,75.0,0.3860119
294017,30,572,450,0.9,1975,0.7972489,65.0,1.055118,58.0,0.2578691
1004321,57,343,704,0.857142857142857,2002,1.005436,75.0,0.5335011,41.0,0.4719349
1465869,69,920,840,0.753246753246753,2014,0.7726343,78.0,-0.4830828,78.0,1.2557171
15353,5,630,385,0.632075471698113,1950,0.04610074,53.0,1.28085,53.0,1.23474926
970708,56,316,367,0.975,2001,1.184384,69.0,1.198057,67.0,0.0136729999999998
605805,43,990,698,0.92,1988,0.3932365,130.0,-0.4619783,131.0,0.8552148
1722940,76,812,760,0.959459459459459,2021,-0.7526749,75.0,-0.3322366,76.0,0.4204383
647182,45,615,92,0.951807228915663,1990,-0.8934326,85.0,0.1061801,84.0,0.9996127
1133646,60,860,373,0.902439024390244,2005,-0.1760166,63.0,-0.1957273,72.0,0.0197107
1067178,59,90,482,0.944444444444444,2004,0.04180531,72.0,-0.4578416,59.0,0.49964691
1504244,70,970,701,0.462962962962963,2015,0.8406699,29.0,-0.942043,60.0,1.7827129
141548,21,516,339,0.884615384615385,1966,-0.8131389,41.0,-2.30454,31.0,1.4914011
1095194,59,780,986,0.186666666666667,2004,-0.701929,72.0,2.775842,64.0,3.477771
1216047,63,155,850,0.852631578947368,2008,0.008475293,75.0,-1.03901,76.0,1.047485293
1050148,58,552,53,0.955696202531646,2003,-0.9401504,74.0,-0.478479,68.0,0.4616714
997594,57,94,565,0.886904761904762,2002,-0.1630791,72.0,-0.6106642,61.0,0.4475851
1737394,77,338,481,0.733766233766234,2022,0.7888985,88.0,-0.6106205,77.0,1.399519
724504,48,371,660,0.802083333333333,1993,0.6268832,63.0,-0.8308581,50.0,1.4577413
1260739,64,371,860,0.819444444444444,2009,0.09265834,66.0,0.1124486,36.0,0.01979026
1641334,74,615,704,0.94047619047619,2019,-0.9772521,91.0,-0.3228971,84.0,0.654355
520029,40,482,437,0.916107382550336,1985,-0.0306964,152.0,0.4826788,151.0,0.5133752
1720207,76,712,482,0.977777777777778,2021,-0.5978582,77.0,-0.5633332,45.0,0.034525
266597,29,230,812,0.792857142857143,1974,0.7240761,73.0,0.5696232,70.0,0.1544529
891113,53,663,471,0.923611111111111,1998,-0.9636688,62.0,-0.3558298,60.0,0.607839
192538,24,790,615,0.8625,1969,-0.1581645,41.0,-1.782359,43.0,1.6241945
1366806,67,316,950,0.770114942528736,2012,1.181461,69.0,-0.07762656,69.0,1.25908756
386586,34,990,680,0.857758620689655,1979,0.5935444,118.0,-0.9606583,120.0,1.5542027
179675,24,94,678,0.625,1969,1.07238,29.0,-1.916305,41.0,2.988685
1404838,68,341,54,0.529411764705882,2013,0.8316529,64.0,-0.2611542,17.0,1.0928071
1481398,70,366,704,0.625,2015,1.133841,73.0,-0.3611447,72.0,1.4949857
1204486,62,775,370,0.956521739130435,2007,-1.156685,79.0,-0.5284436,78.0,0.6282414
1329151,66,290,770,0.579787234042553,2011,1.039982,68.0,-0.7967136,65.0,1.8366956
258853,28,694,450,0.90625,1973,-0.5280159,88.0,-0.02960847,83.0,0.49840743
98661,18,370,481,0.45,1963,-2.782762,31.0,0.3684683,20.0,3.1512303
1505394,71,20,700,0.600961538461538,2016,1.558297,78.0,-0.6965809,70.0,2.2548779
911897,54,380,52,0.721590909090909,1999,1.04216,68.0,-0.3328579,65.0,1.3750179
1063606,58,987,640,0.556338028169014,2003,2.261963,64.0,0.6354054,74.0,1.6265576
811198,51,200,373,0.734375,1996,2.183928,74.0,0.3213406,64.0,1.8625874
13922,5,145,165,0.75,1950,1.248231,53.0,0.2386541,52.0,1.0095769
1757989,77,770,370,0.804597701149425,2022,-0.5101223,88.0,-0.8051301,87.0,0.2950078
452768,37,694,581,0.971631205673759,1982,-0.347335,156.0,-0.0629727,141.0,0.2843623
1051130,58,571,310,0.719101123595506,2003,-0.4530537,73.0,1.150069,76.0,1.6031227
705633,47,698,94,0.923728813559322,1992,-0.6481314,61.0,0.1910305,72.0,0.8391619
128166,20,580,160,0.797297297297297,1965,0.3388581,37.0,0.7512203,40.0,0.4123622
1608706,73,703,780,0.959770114942529,2018,-0.769892,87.0,-0.5761097,95.0,0.1937823
436640,37,100,551,0.943037974683544,1982,0.09318775,158.0,-0.3620716,158.0,0.45525935
1110319,60,325,552,0.693181818181818,2005,1.020744,74.0,-1.084096,72.0,2.10484
1725769,76,950,581,0.927536231884058,2021,-0.2358366,75.0,-0.953311,69.0,0.7174744
534832,41,94,666,0.633802816901408,1986,0.731017,143.0,2.108599,151.0,1.377582
410706,36,55,375,0.777310924369748,1981,-0.8920695,119.0,0.8743213,134.0,1.7663908
825503,51,565,352,0.786885245901639,1996,-0.7285925,61.0,0.7144556,74.0,1.4430481
1161544,61,616,500,0.81875,2006,-1.077336,87.0,0.008837348,67.0,1.086173348
1048362,58,510,484,0.965277777777778,2003,-0.6124892,76.0,-0.7141122,57.0,0.101623
206505,25,666,434,0.836734693877551,1970,0.8060642,67.0,0.7015165,49.0,0.1045477
723568,48,366,390,0.898305084745763,1993,1.077328,59.0,1.312619,64.0,0.235291
705999,47,701,223,0.821428571428571,1992,0.058492,14.0,1.170004,74.0,1.111512
1331551,66,346,360,0.979166666666667,2011,0.8536463,68.0,0.9978011,67.0,0.1441548
675,1,100,530,0.653846153846154,1946,0.2999289,42.0,0.786873,39.0,0.4869441
1770937,78,212,165,0.672413793103448,2023,1.162522,87.0,0.03338267,87.0,1.12913933
735995,48,690,316,0.704918032786885,1993,-0.3730423,62.0,1.523171,64.0,1.8962133
82857,17,93,678,0.64,1962,1.293192,35.0,-0.7131456,29.0,2.0063376
1207402,62,910,572,0.9,2007,-0.07725129,55.0,-0.6696079,67.0,0.59235661
594208,43,475,900,0.753731343283582,1988,-0.2649359,136.0,1.23222,134.0,1.4971559
1630969,74,373,712,0.976190476190476,2019,-0.7006153,86.0,-0.6001306,89.0,0.1004847
1305183,65,540,552,0.928571428571429,2010,-0.6735328,61.0,-1.477691,65.0,0.8041582
393841,35,350,140,0.745098039215686,1980,1.132481,103.0,0.06913644,102.0,1.06334456
162606,23,41,305,0.731707317073171,1968,0.4294486,42.0,1.36804,50.0,0.9385914
940212,55,352,461,0.826666666666667,2000,0.5917179,67.0,-0.8556019,66.0,1.4473198
1372298,67,390,517,0.786666666666667,2012,0.9765953,69.0,-0.1684315,58.0,1.1450268
712196,48,20,481,0.714285714285714,1993,1.328551,64.0,-0.1552936,50.0,1.4838446
285771,30,260,395,0.801470588235294,1975,2.040857,69.0,1.305607,68.0,0.73525
482584,39,41,935,0.9,1984,0.3083607,142.0,-0.4728841,71.0,0.7812448
416052,36,305,70,0.761194029850746,1981,1.084672,134.0,-0.3017481,134.0,1.3864201
530471,40,900,950,0.751700680272109,1985,1.285063,151.0,0.3020616,151.0,0.9830014
25709,8,395,91,0.6875,1953,0.4906368,25.0,0.9127088,24.0,0.422072
1444572,69,367,990,0.78,2014,1.046759,80.0,0.1251741,75.0,0.9215849
381892,34,680,310,0.783333333333333,1979,-0.9606583,120.0,-2.22514,122.0,1.2644817
1742203,77,390,640,0.882352941176471,2022,1.261866,88.0,0.5776464,85.0,0.6842196
1680942,75,679,205,0.784210526315789,2020,-0.5608287,95.0,0.6970598,96.0,1.2578885
1685572,75,790,345,0.839285714285714,2020,-0.5655709,95.0,0.4379104,85.0,1.0034813
822961,51,500,100,0.957142857142857,1996,-1.017963,71.0,-0.6623297,73.0,0.3556333
614146,44,345,850,0.986842105263158,1989,-0.671095,115.0,-0.7610999,115.0,0.0900049000000001
618774,44,471,404,0.977678571428571,1989,-0.1254676,114.0,-0.5026181,113.0,0.3771505
1443807,69,360,31,0.736842105263158,2014,0.9626011,80.0,-0.3371416,76.0,1.2997427
888958,53,590,316,0.743421052631579,1998,-0.27712,62.0,1.224458,63.0,1.501578
38313,11,380,385,1.0,1956,0.9405174,60.0,0.942569,60.0,0.0020516
924141,54,732,31,0.785714285714286,1999,0.59015,67.0,-0.1872106,63.0,0.7773606
653956,45,950,380,0.829268292682927,1990,0.02563284,85.0,0.9949017,83.0,0.96926886
33052,10,385,211,0.759259259259259,1955,1.033267,27.0,1.728849,27.0,0.695582
1501334,70,820,565,0.976923076923077,2015,-0.7590895,73.0,-1.069644,65.0,0.3105545
1518519,71,367,115,0.705,2016,1.177151,77.0,-0.7610632,72.0,1.9382142
973438,56,360,652,0.670886075949367,2001,1.158661,68.0,-1.27602,68.0,2.434681
578236,42,781,200,0.54014598540146,1987,-0.9847055,139.0,2.211357,142.0,3.1960625
1359062,67,56,570,0.987654320987654,2012,-0.6404312,68.0,-0.5233275,66.0,0.1171037
1350448,66,732,694,0.723404255319149,2011,0.7074991,67.0,-0.9760207,68.0,1.6835198
326660,32,235,580,0.877777777777778,1977,0.8927568,90.0,-0.3892276,91.0,1.2819844
1345224,66,620,501,0.912790697674419,2011,-0.564126,63.0,-0.7654336,68.0,0.2013076
1428475,68,910,145,0.805084745762712,2013,0.1222734,63.0,-1.756254,60.0,1.8785274
835737,51,920,483,0.833333333333333,1996,0.7310151,74.0,-0.915634,63.0,1.6466491
960246,55,940,501,0.925373134328358,2000,0.04521644,59.0,-0.4541335,65.0,0.49934994
356291,33,551,640,0.890243902439024,1978,-0.1739815,127.0,0.4360682,123.0,0.6100497
469725,38,451,510,0.979020979020979,1983,-0.3429596,144.0,-0.5764302,148.0,0.2334706
788558,50,436,811,0.894230769230769,1995,-0.7759676,76.0,-0.06147085,56.0,0.71449675
731199,48,541,666,0.432203389830508,1993,-0.6993789,61.0,2.384089,63.0,3.0834679
1327809,66,221,775,0.578947368421053,2011,0.9371927,66.0,-1.328139,54.0,2.2653317
1134529,60,940,53,0.897435897435897,2005,0.0761309,64.0,-0.6256149,75.0,0.7017458
99801,18,436,630,0.979166666666667,1963,0.3414703,24.0,0.6250531,29.0,0.2835828
549869,41,651,482,0.961038961038961,1986,-0.2029012,154.0,-0.01101224,154.0,0.19188896
1358703,67,54,694,0.941558441558442,2012,-0.7160414,64.0,-1.313127,68.0,0.5970856
43408,12,212,812,0.691176470588235,1957,2.142995,34.0,0.5097252,34.0,1.6332698
739534,48,780,359,0.708333333333333,1993,-0.934691,65.0,1.199496,60.0,2.134187
409970,36,41,520,0.91,1981,0.3250642,102.0,0.002448488,129.0,0.322615712
1720056,76,710,670,0.837662337662338,2021,-0.2728542,77.0,-0.2764698,77.0,0.0036156
1615997,73,987,740,0.685714285714286,2018,1.49035,70.0,0.7699515,95.0,0.7203985
242379,27,780,435,0.927083333333333,1972,-0.2415125,99.0,-0.7292006,99.0,0.4876881
870170,53,58,452,0.953333333333333,1998,-0.396799,58.0,-0.8337948,64.0,0.4369958
1498839,70,740,570,0.701612903225806,2015,0.6739757,73.0,-0.5351533,62.0,1.209129
951552,55,620,420,0.901960784313726,2000,-1.771759,67.0,-0.8941769,43.0,0.8775821
28178,9,150,900,0.481481481481481,1954,0.2483239,27.0,2.933331,30.0,2.6850071
1143766,61,211,437,0.71195652173913,2006,0.9944906,91.0,-0.1928493,78.0,1.1873399
403872,35,663,52,0.952631578947368,1980,-0.3071625,97.0,-0.009349311,101.0,0.297813189
976794,56,433,517,0.875,2001,-0.4907844,68.0,-0.8631093,20.0,0.3723249
1176789,62,92,369,0.761627906976744,2007,-0.1640332,76.0,0.9821064,77.0,1.1461396
474130,38,590,696,0.975862068965517,1983,-0.2542024,145.0,-0.3758028,149.0,0.1216004
881765,53,404,371,0.842857142857143,1998,-0.7936982,59.0,0.5352498,62.0,1.328948
116486,19,660,500,1.0,1964,,,,,
1643051,74,652,670,0.86046511627907,2019,-1.98283,86.0,-0.4404624,91.0,1.5423676
381688,34,670,811,0.963855421686747,1979,0.0108484,120.0,-0.1415152,83.0,0.1523636
103654,18,660,210,0.741935483870968,1963,-0.04298342,31.0,1.597151,31.0,1.64013442
555818,41,940,411,0.895161290322581,1986,0.1141898,135.0,0.3897381,141.0,0.2755483
1455941,69,615,220,0.588607594936709,2014,-0.9761413,79.0,1.415639,80.0,2.3917803
546047,41,517,150,0.918518518518519,1986,-0.1116037,152.0,0.4827996,135.0,0.5944033
819573,51,420,205,0.741379310344828,1996,-0.8680652,58.0,1.069269,74.0,1.9373342
1669192,75,402,830,0.955555555555556,2020,-0.279709,90.0,-0.3527119,96.0,0.0730029
1532811,71,679,517,0.6,2016,-0.7337624,76.0,-0.3788967,4.0,0.3548657
1435142,69,94,811,0.961038961038961,2014,-0.2055015,80.0,-0.7549494,77.0,0.5494479
69283,15,678,840,0.489690721649485,1960,-1.24041,101.0,0.8172951,99.0,2.0577051
608038,44,60,52,0.944444444444444,1989,0.2130565,72.0,-0.2271799,116.0,0.4402364
67851,15,560,325,0.755813953488372,1960,1.709239,86.0,1.24998,103.0,0.459259
1314588,65,775,771,0.952941176470588,2010,-1.055121,67.0,-1.016548,68.0,0.038573
362713,33,812,404,0.974489795918367,1978,-0.7588302,101.0,-0.6139689,122.0,0.1448613
942269,55,372,812,0.75,2000,0.9093777,65.0,-1.180685,63.0,2.0900627
528514,40,780,471,0.947368421052632,1985,-0.2418358,155.0,0.1008537,152.0,0.3426895
424249,36,551,338,0.988188976377953,1981,-0.2854477,133.0,-0.341601,128.0,0.0561533
1221645,63,349,225,0.973404255319149,2008,0.9834588,75.0,0.7204274,75.0,0.2630314
1796295,78,816,54,0.926829268292683,2023,-0.6230027,85.0,-0.4265012,43.0,0.1965015
1647832,74,771,571,0.965909090909091,2019,-0.5831444,91.0,-0.362124,88.0,0.2210204
1735947,77,255,935,0.654411764705882,2022,1.397135,88.0,-0.2047697,68.0,1.6019047
82825,17,93,451,0.5,1962,1.293192,35.0,-0.2875242,36.0,1.5807162
1155073,61,452,615,0.902777777777778,2006,-0.4058518,90.0,-1.305259,92.0,0.8994072
640257,45,385,770,0.714285714285714,1990,1.320267,84.0,-0.5443771,86.0,1.8646441
1376916,67,484,560,0.982142857142857,2012,-0.5674963,66.0,-0.3950244,68.0,0.1724719
1342476,66,552,255,0.672222222222222,2011,-1.384692,64.0,0.9821244,68.0,2.3668164
1137003,61,40,60,0.979166666666667,2006,-1.152372,91.0,-0.6305144,35.0,0.5218576
50456,13,305,820,0.878787878787879,1958,0.3455042,33.0,0.3208056,33.0,0.0246986
392277,35,235,645,0.611111111111111,1980,1.379851,103.0,-1.057283,90.0,2.437134
348994,33,338,92,0.820224719101124,1978,-0.0633948,103.0,0.9235745,110.0,0.9869693
1409052,68,380,990,0.790322580645161,2013,0.912102,64.0,0.1473773,62.0,0.7647247
729980,48,510,731,0.9375,1993,-0.770037,62.0,-1.774991,59.0,1.004954
758992,49,475,703,0.884615384615385,1994,-0.6093215,68.0,0.08898452,52.0,0.69830602
1413586,68,482,552,0.5,2013,-0.3962868,3.0,-1.700361,60.0,1.3040742
634255,45,100,553,0.901315789473684,1990,-0.6124924,84.0,0.3589009,78.0,0.9713933
1457963,69,660,670,0.943037974683544,2014,-1.094019,79.0,-1.06997,80.0,0.024049
470854,38,483,696,0.934027777777778,1983,0.2547231,144.0,-0.3758028,149.0,0.6305259
1410465,68,420,365,0.779661016949153,2013,-0.7241274,59.0,-0.01694429,64.0,0.70718311
1598178,73,471,42,0.85632183908046,2018,-0.03294178,90.0,-0.2928173,92.0,0.25987552
1661123,75,220,790,0.652631578947368,2020,1.460879,96.0,-0.5655709,95.0,2.0264499
93948,18,41,437,0.9,1963,0.4657581,20.0,0.1304972,30.0,0.3352609
282970,30,100,510,0.873134328358209,1975,0.646391,68.0,-0.6369115,68.0,1.2833025
1342543,66,552,531,0.985507246376812,2011,-1.384692,64.0,-0.5062753,48.0,0.8784167
88955,17,483,651,0.85,1962,-0.3243579,41.0,-1.028509,45.0,0.7041511
931151,55,57,369,0.825,2000,-0.4045049,32.0,0.4405149,67.0,0.8450198
1474023,70,150,372,0.661971830985915,2015,0.01013489,72.0,0.8409745,72.0,0.83083961
550060,41,652,663,0.925531914893617,1986,-1.615951,146.0,-0.2611542,147.0,1.3547968
733831,48,620,2,0.246031746031746,1993,-1.686818,64.0,2.992156,64.0,4.678974
1702568,76,352,160,0.782894736842105,2021,0.6839158,76.0,-0.07377504,77.0,0.75769084
1542020,71,990,483,0.935294117647059,2016,-0.1376115,68.0,-0.7194541,72.0,0.5818426
690188,47,310,510,0.65,1992,1.385948,71.0,-1.173631,63.0,2.559579
655392,46,52,150,0.964285714285714,1991,-0.7105103,75.0,-0.06453285,70.0,0.64597745
775295,50,58,325,0.826666666666667,1995,0.2708202,76.0,1.291338,80.0,1.0205178
1477555,70,305,701,0.708333333333333,2015,0.6587739,73.0,-0.942043,60.0,1.6008169
470839,38,483,625,0.958041958041958,1983,0.2547231,144.0,-0.0984437,148.0,0.3531668
1724245,76,860,615,0.946666666666667,2021,-0.2954939,75.0,-0.8925988,77.0,0.5971049
402690,35,620,140,0.902173913043478,1980,-0.6663382,93.0,0.06913644,102.0,0.73547464
710141,47,840,565,0.95,1992,-0.4305575,74.0,-1.105773,70.0,0.6752155
655396,46,52,200,0.554794520547945,1991,-0.7105103,75.0,2.245487,73.0,2.9559973
971279,56,331,530,0.75,2001,1.011147,69.0,-0.563011,67.0,1.574158
1423646,68,705,20,0.387096774193548,2013,-0.5195137,62.0,1.924133,64.0,2.4436467
106920,19,52,432,0.5,1964,,,,,
968383,56,210,344,0.957317073170732,2001,1.246028,69.0,0.8843108,68.0,0.3617172
351611,33,404,780,0.955752212389381,1978,-0.6139689,122.0,-0.1381428,115.0,0.4758261
1361702,67,110,371,0.902439024390244,2012,-0.7061995,69.0,0.120584,66.0,0.8267835
410295,36,51,616,0.87984496124031,1981,0.5811031,130.0,0.05417262,133.0,0.52693048
368310,34,155,101,0.915254237288136,1979,0.5577979,118.0,0.1403776,122.0,0.4174203
1049569,58,531,950,0.954022988505747,2003,-0.6729686,73.0,-0.08556037,72.0,0.58740823
332531,32,475,140,0.960227272727273,1977,-0.1953721,90.0,0.2973371,89.0,0.4927092
105775,18,840,150,0.94,1963,0.6115209,29.0,0.7969317,27.0,0.1854108
854279,52,484,580,0.976190476190476,1997,-0.7084838,52.0,-0.2998177,49.0,0.4086661
1469344,70,52,40,0.928571428571429,2015,-0.7061543,70.0,-1.815315,73.0,1.1091607
204668,25,572,645,0.642857142857143,1970,0.7334079,53.0,-1.446805,63.0,2.1802129
759207,49,482,55,0.96875,1994,-0.02620628,51.0,-0.2099496,62.0,0.18374332
1216928,63,210,482,0.634146341463415,2008,1.016726,75.0,-0.5391481,39.0,1.5558741
1090402,59,663,696,0.933734939759036,2004,-0.6851355,71.0,-1.066884,72.0,0.3817485
1396083,68,56,432,0.982456140350877,2013,-0.6549624,62.0,-0.5411614,58.0,0.113801
948418,55,531,100,0.950704225352113,2000,-0.4605625,63.0,-0.2528673,67.0,0.2076952
247074,28,145,812,0.883928571428571,1973,1.25483,73.0,0.2313692,70.0,1.0234608
1326261,66,160,703,0.931818181818182,2011,-0.05633727,68.0,-0.2799897,63.0,0.22365243
911640,54,373,490,0.833333333333333,1999,0.2371847,61.0,-1.516125,14.0,1.7533097
216650,26,411,920,0.58252427184466,1971,-1.026722,106.0,1.434779,117.0,2.461501
790094,50,475,560,0.901315789473684,1995,-1.427896,76.0,-0.2313435,81.0,1.1965525
1054309,58,666,160,0.445054945054945,2003,2.397867,75.0,0.3024078,76.0,2.0954592
58377,14,395,651,0.716981132075472,1959,0.3018995,53.0,-0.9252902,54.0,1.2271897
825512,51,565,370,0.8,1996,-0.7285925,61.0,0.5889024,73.0,1.3174949
1195099,62,540,232,0.717741935483871,2007,-0.2849307,52.0,0.898178,79.0,1.1831087
1417370,68,570,346,0.689655172413793,2013,-0.7167285,60.0,0.8453392,62.0,1.5620677
1630096,74,369,316,0.905555555555556,2019,1.225284,90.0,1.24569,91.0,0.0204059999999999
1654411,75,42,840,0.968421052631579,2020,-0.3500888,95.0,-0.4148991,96.0,0.0648103
30361,9,800,900,0.45,1954,0.02549924,30.0,2.933331,30.0,2.90783176
1072226,59,230,91,0.717948717948718,2004,1.0242,72.0,0.08915876,68.0,0.93504124
1147177,61,339,355,0.986486486486487,2006,1.080373,91.0,1.010846,92.0,0.0695270000000001
1606061,73,660,80,0.95679012345679,2018,-0.968172,90.0,-0.3404131,86.0,0.6277589
453147,37,700,93,0.944055944055944,1982,-1.664279,153.0,-0.7332643,146.0,0.9310147
1302154,65,471,692,0.86144578313253,2010,0.2155602,65.0,-0.9418636,68.0,1.1574238
125620,20,439,212,0.618421052631579,1965,-0.03097943,38.0,1.795774,40.0,1.82675343
490368,39,352,490,0.894160583941606,1984,-0.5370245,147.0,0.3481356,141.0,0.8851601
206185,25,652,780,0.923076923076923,1970,-1.52049,64.0,-0.657659,55.0,0.862831
1792728,78,703,369,0.563291139240506,2023,-0.5039175,80.0,1.46806,86.0,1.9719775
1179786,62,200,57,0.576388888888889,2007,1.669436,79.0,-0.4630781,63.0,2.1325141
1421844,68,690,553,0.890909090909091,2013,-0.9410693,64.0,-0.09156353,55.0,0.84950577
1730647,77,92,212,0.6875,2022,-0.3860546,88.0,1.102924,88.0,1.4889786
761444,49,551,165,0.886363636363636,1994,-0.5753646,66.0,0.1071352,68.0,0.6824998
845700,52,310,367,0.964285714285714,1997,1.406441,70.0,1.447023,70.0,0.0405819999999999
75913,16,432,95,0.425675675675676,1961,-1.497885,74.0,1.031065,74.0,2.52895
1371834,67,380,140,0.795454545454545,2012,0.8073474,69.0,-0.5851793,69.0,1.3925267
1570371,72,694,211,0.6875,2017,-0.603126,88.0,1.03795,89.0,1.641076
1796009,78,811,500,0.969135802469136,2023,-0.5379751,84.0,-0.689787,84.0,0.1518119
65721,15,385,481,0.690217391304348,1960,0.79644,103.0,0.5117738,92.0,0.2846662
1185157,62,350,200,0.876344086021505,2007,1.033983,79.0,1.669436,79.0,0.635453
862504,52,705,651,0.852941176470588,1997,0.4255237,72.0,-0.9337706,70.0,1.3592943
1429361,68,946,696,0.767857142857143,2013,0.3681391,57.0,-0.8819153,63.0,1.2500544
1068140,59,95,531,0.95679012345679,2004,-0.2327594,71.0,-0.5509719,67.0,0.3182125
422441,36,484,510,0.97008547008547,1981,-0.7671898,122.0,-0.4113775,125.0,0.3558123
30070,9,713,40,0.716666666666667,1954,0.9765478,30.0,0.7028241,30.0,0.2737237
1209132,62,983,640,0.621621621621622,2007,1.772559,74.0,0.5429725,75.0,1.2295865
1279141,64,816,316,0.606666666666667,2009,-1.297475,65.0,1.162217,68.0,2.459692
1239568,63,712,70,0.923913043478261,2008,-0.3024361,72.0,-0.08170054,76.0,0.22073556
260570,28,800,390,0.744318181818182,1973,0.1710743,88.0,1.389995,91.0,1.2189207
872822,53,135,516,0.990740740740741,1998,-0.1224464,64.0,-0.3493074,40.0,0.226861
871927,53,100,438,0.980263157894737,1998,-0.6369706,63.0,-0.8422677,61.0,0.2052971
1293642,65,338,205,0.988505747126437,2010,0.6282644,68.0,0.7553436,67.0,0.1270792
956962,55,771,373,0.931506849315068,2000,-0.8585983,67.0,0.04417103,63.0,0.90276933
1368727,67,346,955,0.8125,2012,0.8423862,69.0,0.2801635,64.0,0.5622227
489182,39,310,2,0.23841059602649,1984,-1.31446,151.0,2.855736,151.0,4.170196
116617,19,663,652,1.0,1964,,,,,
1531402,71,645,232,0.663793103448276,2016,-1.051805,77.0,0.9258347,77.0,1.9776397
1433844,69,70,101,0.896103896103896,2014,-0.1191186,80.0,-1.32992,77.0,1.2108014
552880,41,770,625,0.983443708609272,1986,-0.3652953,152.0,-0.3151789,153.0,0.0501164
37611,11,339,666,0.241666666666667,1956,-2.797796,60.0,1.585387,60.0,4.383183
1637224,74,516,372,0.615384615384615,2019,-1.090629,79.0,0.9126017,90.0,2.0032307
54463,13,920,315,0.424242424242424,1958,0.9953078,33.0,-2.812334,33.0,3.8076418
676409,46,696,390,0.691780821917808,1991,-0.8142772,75.0,1.375892,73.0,2.1901692
1672446,75,471,775,0.902777777777778,2020,0.03581861,90.0,-0.8633332,76.0,0.89915181
1094428,59,760,946,0.75,2004,-0.5593046,49.0,0.3937201,2.0,0.9530247
996265,57,60,435,0.706896551724138,2002,-0.6290817,13.0,-0.9890131,73.0,0.3599314
191071,24,678,920,0.463414634146341,1969,-1.916305,41.0,1.846276,44.0,3.762581
577442,42,760,115,0.978991596638655,1987,-0.5062953,137.0,-0.4669046,124.0,0.0393907
517265,40,404,775,0.926056338028169,1985,-0.3972565,146.0,-0.05208624,150.0,0.34517026
698688,47,484,900,0.736842105263158,1992,-0.008745375,39.0,1.161677,73.0,1.170422375
1111873,60,349,703,0.788659793814433,2005,1.048003,75.0,-0.1883349,73.0,1.2363379
1177748,62,101,373,0.93452380952381,2007,-1.191827,79.0,-0.1514846,73.0,1.0403424
842952,52,160,572,0.811764705882353,1997,0.591508,72.0,0.06111511,70.0,0.53039289
1380629,67,571,947,0.967105263157895,2012,-0.4603874,68.0,-0.5397267,63.0,0.0793393
293452,30,551,461,0.967213114754098,1975,-0.4611417,66.0,-0.1327172,63.0,0.3284245
447916,37,530,370,0.878289473684211,1982,-1.121193,152.0,-1.883821,158.0,0.762628
758672,49,461,910,0.887931034482759,1994,-0.5252736,68.0,0.03250224,58.0,0.55777584
1438635,69,220,60,0.538461538461538,2014,1.415639,80.0,-0.4896582,52.0,1.9052972
402317,35,600,581,0.939759036144578,1980,0.2066693,100.0,-0.004502144,84.0,0.211171444
776355,50,92,305,0.822368421052632,1995,0.03470546,76.0,1.111465,81.0,1.07675954
449844,37,591,696,0.961538461538462,1982,-1.393067,53.0,-0.4225369,157.0,0.9705301
1423060,68,701,946,0.744897959183674,2013,-0.9534271,55.0,0.3681391,57.0,1.3215662
1480842,70,359,830,0.6875,2015,0.8940578,72.0,-0.6885621,73.0,1.5826199
580105,42,910,93,0.940140845070423,1987,-0.1151067,142.0,-0.9828269,143.0,0.8677202
791583,50,517,52,0.885714285714286,1995,-0.4150767,35.0,-0.2630594,78.0,0.1520173
1145011,61,230,990,0.833333333333333,2006,1.035374,92.0,0.364619,84.0,0.670755
155715,22,483,290,0.763157894736842,1967,-0.1719871,57.0,-1.583277,57.0,1.4112899
706300,47,702,990,0.8,1992,-0.1256545,21.0,0.757615,70.0,0.8832695
1761794,77,940,343,0.578125,2022,-0.3830223,58.0,1.092182,41.0,1.4752043
1466204,69,940,590,0.961038961038961,2014,-0.5006218,78.0,-0.5487356,79.0,0.0481138
1725366,76,946,484,0.959183673469388,2021,-0.2103911,70.0,-0.6276093,52.0,0.4172182
336916,32,640,395,0.838888888888889,1977,0.3809617,90.0,1.330621,91.0,0.9496593
364753,34,40,260,0.491735537190083,1979,-1.21243,121.0,1.994531,122.0,3.206961
1112737,60,360,355,0.98019801980198,2005,0.9848647,75.0,0.9274685,75.0,0.0573962
642188,45,439,438,0.988235294117647,1990,-0.8507636,85.0,-0.5697656,86.0,0.280998
748764,49,160,517,0.705882352941177,1994,0.9502241,68.0,-0.2756941,17.0,1.2259182
933955,55,130,900,0.798701298701299,2000,-0.3609168,67.0,0.937627,67.0,1.2985438
1072353,59,230,696,0.652941176470588,2004,1.0242,72.0,-1.066884,72.0,2.091084
722925,48,355,694,0.681034482758621,1993,1.53628,63.0,-0.7101555,60.0,2.2464355
1344266,66,590,516,0.985294117647059,2011,-0.3808255,66.0,-0.2563643,33.0,0.1244612
697702,47,471,223,0.746575342465753,1992,-0.3198998,73.0,1.170004,74.0,1.4899038
191835,24,750,94,0.672413793103448,1969,-0.3248257,44.0,1.07238,29.0,1.3972057
907379,54,305,781,0.736263736263736,1999,1.04853,68.0,-0.411629,65.0,1.460159
1347803,66,690,987,0.450704225352113,2011,-0.7995194,67.0,2.125168,55.0,2.9246874
1489634,70,522,626,0.821428571428571,2015,-0.7332086,72.0,0.03028815,28.0,0.76349675
154450,22,437,920,0.690909090909091,1967,0.5075439,55.0,2.083746,57.0,1.5762021
1262322,64,403,220,1.0,2009,-0.5682851,1.0,1.352496,68.0,1.9207811
1536155,71,750,987,0.505813953488372,2016,-0.3137452,77.0,1.534308,61.0,1.8480532
405894,35,740,481,0.720430107526882,1980,1.270996,103.0,0.2870153,93.0,0.9839807
593909,43,471,53,0.963114754098361,1988,0.08886032,124.0,-0.01040442,134.0,0.09926474
157142,22,553,750,0.509433962264151,1967,1.565703,53.0,-0.8037567,57.0,2.3694597
329040,32,370,91,0.675824175824176,1977,-2.44568,91.0,0.8827462,91.0,3.3284262
1080068,59,420,368,0.622641509433962,2004,-0.8983775,48.0,0.9985838,72.0,1.8969613
234226,27,433,210,0.643564356435644,1972,-0.4728468,101.0,1.677652,102.0,2.1504988
119541,20,70,666,0.807692307692308,1965,0.7871705,40.0,1.010426,39.0,0.2232555
1043168,58,385,781,0.736263736263736,2003,1.177608,76.0,-0.6844521,74.0,1.8620601
262878,29,52,510,0.91044776119403,1974,-0.04289867,68.0,-0.6279421,71.0,0.58504343
428095,36,680,305,0.720930232558139,1981,-1.13829,129.0,1.084672,134.0,2.222962
675394,46,666,355,0.650684931506849,1991,2.422989,73.0,1.419609,73.0,1.00338
1299348,65,411,57,1.0,2010,-0.6768701,3.0,-0.7138772,66.0,0.0370071
1548754,72,165,552,0.84070796460177,2017,-0.4761164,88.0,-1.953176,84.0,1.4770596
21818,7,365,94,0.455555555555556,1952,-2.838919,49.0,0.5666298,45.0,3.4055488
1715277,76,616,660,0.993333333333333,2021,-0.5921429,76.0,-0.7187431,76.0,0.1266002
1156522,61,490,310,0.576923076923077,2006,-1.193063,52.0,1.023133,92.0,2.216196
1117783,60,438,820,0.921875,2005,-0.6780398,74.0,-1.160446,75.0,0.4824062
456461,37,910,451,0.949664429530201,1982,0.1022602,153.0,-0.2799096,154.0,0.3821698
870174,53,58,481,0.915384615384615,1998,-0.396799,58.0,-0.1420241,55.0,0.2547749
1252878,64,160,696,0.870588235294118,2009,-0.04311355,67.0,-0.9855286,68.0,0.94241505
631172,45,40,439,0.952380952380952,1990,-1.714248,85.0,-0.8507636,85.0,0.8634844
1299179,65,404,165,0.951807228915663,2010,-0.5214103,64.0,-0.136898,66.0,0.3845123
49998,13,212,205,0.606060606060606,1958,2.1085,33.0,0.02651549,33.0,2.08198451
833749,51,800,402,0.991935483870968,1996,-0.5451561,72.0,-0.5945995,64.0,0.0494433999999999
1679343,75,630,780,0.883333333333333,2020,-1.790693,90.0,-0.7609063,96.0,1.0297867
1023450,57,780,572,0.909574468085106,2002,-0.75562,74.0,-0.6220451,66.0,0.1335749
261083,28,830,265,0.772222222222222,1973,0.08977423,90.0,-2.158483,91.0,2.24825723
156122,22,500,484,0.928571428571429,1967,-0.4753997,54.0,-0.7851265,49.0,0.3097268
724951,48,375,325,0.9609375,1993,1.382218,64.0,1.616309,64.0,0.234091
775494,50,60,373,0.777777777777778,1995,-0.1844321,11.0,0.330717,71.0,0.5151491
1513368,71,225,345,0.907894736842105,2016,0.6690308,78.0,0.5139141,75.0,0.1551167
497147,39,540,645,0.972027972027972,1984,-1.055866,147.0,-0.737489,147.0,0.318377
1677630,75,581,910,0.84375,2020,-0.3629585,48.0,0.3010107,95.0,0.6639692
1240286,63,740,760,0.784883720930233,2008,0.5458073,75.0,-0.4342144,70.0,0.9800217
1509684,71,101,100,0.843478260869565,2016,-1.550499,77.0,-0.1860634,76.0,1.3644356
946198,55,471,740,0.796875,2000,-0.7831973,56.0,0.7620948,67.0,1.5452921
536298,41,150,80,0.896739130434783,1986,0.4827996,135.0,0.3631072,109.0,0.1196924
1411658,68,437,517,0.974358974358974,2013,-0.281939,60.0,-0.6320828,41.0,0.3501438
1759047,77,790,850,0.913793103448276,2022,-0.5124003,87.0,-0.8884776,88.0,0.3760773
840234,52,91,95,0.955696202531646,1997,-0.1656045,67.0,-0.326551,70.0,0.1609465
1017165,57,615,780,0.955445544554455,2002,-1.152081,75.0,-0.75562,74.0,0.396461
876773,53,317,42,0.758928571428571,1998,1.231781,64.0,-0.3495915,39.0,1.5813725
104243,18,690,436,0.772727272727273,1963,-0.3916794,28.0,0.3414703,24.0,0.7331497
274689,29,590,435,0.892857142857143,1974,-0.7758222,70.0,-0.8543462,72.0,0.0785239999999999
899729,54,41,510,0.94578313253012,1999,-0.3787069,64.0,-1.135192,66.0,0.7564851
740715,48,820,53,0.912698412698413,1993,-1.155421,65.0,-0.1394347,63.0,1.0159863
1242473,63,816,338,0.658536585365854,2008,-1.294592,71.0,0.6881879,75.0,1.9827799
605553,43,950,165,0.968253968253968,1988,0.2573065,129.0,0.1315192,132.0,0.1257873
329122,32,370,570,0.758426966292135,1977,-2.44568,91.0,0.2606396,89.0,2.7063196
659896,46,165,211,0.714285714285714,1991,0.4320767,70.0,1.788471,73.0,1.3563943
139611,21,438,315,0.88,1966,-1.543873,50.0,-2.1489,50.0,0.605027
1415734,68,530,704,0.901639344262295,2013,-0.5987687,62.0,-0.3306035,61.0,0.2681652
137634,21,355,830,0.787234042553192,1966,-2.135545,50.0,-0.6636867,47.0,1.4718583
531870,41,31,800,0.93006993006993,1986,0.3637068,149.0,-0.1714825,148.0,0.5351893
1181396,62,225,450,0.738095238095238,2007,0.7853484,79.0,-0.2223841,56.0,1.0077325
398919,35,484,40,0.925531914893617,1980,-0.8220498,101.0,-1.427644,96.0,0.6055942
11083,4,290,630,0.603174603174603,1949,-2.843958,63.0,0.2716478,63.0,3.1156058
270333,29,433,395,0.717391304347826,1974,-0.6395071,73.0,1.262396,69.0,1.9019031
1788822,78,620,781,0.963414634146341,2023,-0.7898099,82.0,-0.5631235,86.0,0.2266864
1345404,66,625,450,0.886363636363636,2011,-1.171973,67.0,-0.2970075,62.0,0.8749655
1639018,74,552,666,0.203488372093023,2019,-0.4199374,88.0,2.500953,89.0,2.9208904
1721822,76,775,987,0.576086956521739,2021,-0.4295733,65.0,1.744723,58.0,2.1742963
820991,51,439,95,0.944444444444444,1996,-0.3591673,73.0,-0.2635166,73.0,0.0956507
50759,13,339,625,0.775862068965517,1958,-2.845961,33.0,-0.765635,29.0,2.080326
1045727,58,438,452,0.976470588235294,2003,-0.7025023,71.0,-0.5831787,75.0,0.1193236
485789,39,110,385,0.675496688741722,1984,-0.3386916,151.0,1.375831,151.0,1.7145226
1706642,76,411,461,0.947916666666667,2021,-0.8760924,51.0,-0.05143024,72.0,0.82466216
1063132,58,983,155,0.484848484848485,2003,1.917337,61.0,-0.01734068,76.0,1.93467768
1266349,64,484,339,0.713333333333333,2009,-0.6523687,60.0,0.742793,66.0,1.3951617
549982,41,652,230,0.673611111111111,1986,-1.615951,146.0,1.1697,151.0,2.785651
1348635,66,700,349,0.73936170212766,2011,-0.6605236,67.0,0.9116648,68.0,1.5721884
164410,23,110,590,0.825581395348837,1968,0.1704578,47.0,0.4748219,46.0,0.3043641
201697,25,450,2,0.6875,1970,0.6939672,64.0,2.214055,67.0,1.5200878
1109925,60,316,484,0.75,2005,1.029327,75.0,-0.8186035,39.0,1.8479305
783001,50,343,540,0.772727272727273,1995,0.9783909,79.0,-0.6451551,35.0,1.623546
1297933,65,375,581,0.75,2010,0.8647892,68.0,-0.8773935,64.0,1.7421827
1098035,59,920,910,0.743421052631579,2004,0.7639529,72.0,0.1902989,62.0,0.573654
1434987,69,94,60,0.951923076923077,2014,-0.2055015,80.0,-0.4896582,52.0,0.2841567
551331,41,692,760,0.960992907801418,1986,-0.3137645,149.0,-0.3816696,146.0,0.0679051
1115484,60,395,704,0.75,2005,1.049291,75.0,-0.3236472,65.0,1.3729382
1083994,59,501,52,0.908536585365854,2004,-0.1283528,71.0,-0.5475585,68.0,0.4192057
1427697,68,840,93,0.935483870967742,2013,-0.5337231,63.0,-1.602399,63.0,1.0686759
202976,25,490,211,0.677966101694915,1970,0.3229656,60.0,1.637262,66.0,1.3142964
1025344,57,840,740,0.766666666666667,2002,-0.4314602,75.0,0.796706,75.0,1.2281662
256290,28,590,212,0.416666666666667,1973,-0.3719603,6.0,1.426973,81.0,1.7989333
1744174,77,436,52,0.983050847457627,2022,-0.5647126,59.0,-0.5063161,87.0,0.0583965
953845,55,694,115,0.909090909090909,2000,-1.16243,66.0,-0.4182163,36.0,0.7442137
1071578,59,220,620,0.602409638554217,2004,1.436514,71.0,-1.31836,70.0,2.754874
708595,47,781,344,0.661764705882353,1992,-0.600254,74.0,1.103895,34.0,1.704149
1055906,58,700,616,0.956521739130435,2003,-0.8798476,59.0,-1.296647,75.0,0.4167994
834949,51,840,115,0.945205479452055,1996,-0.6341844,73.0,-0.02549137,74.0,0.60869303
749253,49,205,372,0.915384615384615,1994,1.103371,68.0,1.248829,65.0,0.145458
684644,47,70,385,0.732876712328767,1992,-0.4602858,74.0,1.283769,73.0,1.7440548
223619,26,694,165,0.716666666666667,1971,-0.2861592,96.0,1.040281,113.0,1.3264402
1726879,76,990,434,0.928571428571429,2021,-0.03617432,56.0,-0.5299008,28.0,0.49372648
416339,36,310,850,0.787313432835821,1981,-1.985062,134.0,-0.3120577,134.0,1.6730043
1325872,66,150,696,0.924731182795699,2011,-0.3555005,65.0,-0.6887748,68.0,0.3332743
682961,47,42,590,0.838235294117647,1992,0.3988433,34.0,-0.213561,66.0,0.6124043
1746560,77,483,484,0.967741935483871,2022,-0.3575812,79.0,-0.4767289,64.0,0.1191477
1738244,77,344,955,0.75,2022,1.350856,88.0,-0.1081023,10.0,1.4589583
586419,43,165,355,0.943181818181818,1988,0.1315192,132.0,-0.3466797,133.0,0.4781989
629227,44,840,20,0.706140350877193,1989,-0.109968,116.0,1.566448,114.0,1.676416
1226822,63,434,350,0.75,2008,-0.427019,71.0,0.9730578,76.0,1.4000768
261334,28,850,140,0.795454545454545,1973,-0.06886268,91.0,1.128955,88.0,1.19781768
1063361,58,986,371,0.382352941176471,2003,2.59825,35.0,0.2965372,74.0,2.3017128
919606,54,600,670,0.981927710843373,1999,-0.8030485,64.0,-0.6447345,64.0,0.158314
667729,46,438,95,0.864406779661017,1991,-0.6906089,73.0,0.525211,61.0,1.2158199
1679985,75,652,212,0.597826086956522,2020,-1.897496,92.0,1.036872,96.0,2.934368
1745358,77,452,255,0.648148148148148,2022,-0.4500519,81.0,1.397135,88.0,1.8471869
1108631,60,230,663,0.732323232323232,2005,0.9492753,75.0,-0.9251606,73.0,1.8744359
1382743,67,626,955,0.87719298245614,2012,0.264269,44.0,0.2801635,64.0,0.0158945
1705129,76,375,530,0.668831168831169,2021,0.9339727,77.0,-0.7024122,77.0,1.6363849
1111971,60,350,344,0.98019801980198,2005,0.9919524,75.0,0.9933964,75.0,0.001444
592887,43,437,483,0.943181818181818,1988,0.3888104,134.0,-0.1784211,132.0,0.5672315
1637878,74,522,704,0.916666666666667,2019,-0.4352471,91.0,-0.3228971,84.0,0.11235
1763861,78,20,110,0.597701149425287,2023,1.436586,87.0,-0.1839844,87.0,1.6205704
561462,42,160,380,0.809859154929577,1987,-0.1892784,143.0,1.052096,142.0,1.2413744
1695728,76,135,367,0.636363636363636,2021,-0.2740181,77.0,1.20858,77.0,1.4825981
108841,19,165,625,1.0,1964,,,,,
421862,36,475,696,0.984848484848485,1981,-0.1496328,134.0,-0.3357041,132.0,0.1860713
1058426,58,771,94,0.872222222222222,2003,-0.9406496,74.0,0.06171504,76.0,1.00236464
1619551,74,90,360,0.604395604395604,2019,0.1056589,91.0,1.170355,91.0,1.0646961
446740,37,490,680,0.898648648648649,1982,0.2040038,155.0,-1.156332,151.0,1.3603358
1683478,75,712,380,0.776595744680851,2020,-0.5523356,94.0,0.8648265,96.0,1.4171621
1687888,75,910,369,0.747311827956989,2020,0.3010107,95.0,1.095445,94.0,0.7944343
1057765,58,740,531,0.769662921348315,2003,0.7737863,76.0,-0.6729686,73.0,1.4467549
513629,40,265,625,0.834459459459459,1985,-1.52518,151.0,-0.2361628,152.0,1.2890172
1652514,74,983,42,0.605633802816901,2019,1.020001,71.0,-0.3228656,91.0,1.3428666
1586166,73,205,435,0.752873563218391,2018,0.7140679,95.0,-0.7184029,87.0,1.4324708
1596678,73,436,221,0.683544303797468,2018,-0.7256211,80.0,1.05065,94.0,1.7762711
639784,45,370,666,0.397590361445783,1990,-0.1269708,84.0,2.289118,83.0,2.4160888
1231774,63,540,305,0.752808988764045,2008,-0.5776175,71.0,0.8075323,76.0,1.3851498
383279,34,740,517,0.730088495575221,1979,1.230897,122.0,0.01335909,113.0,1.21753791
1345988,66,640,483,0.776470588235294,2011,0.5362881,64.0,-0.5001023,63.0,1.0363904
155542,22,481,740,0.715686274509804,1967,0.0220362,51.0,0.9433832,57.0,0.921347
