YEAR,COUNTRY,EXPORT_USD,IMPORT_USD,EXPORT_SHARE,IMPORT_SHARE,EXPORT_PRODUCTS,IMPORT_PRODUCTS
2020,Aruba,774496360.0,155876270.0,0.0,0.0,2658.0,901
2020,Afghanistan,8712275270.0,1821493500.0,0.05,0.01,3348.0,1510
2020,Angola,7582954070.0,23900296000.0,0.04,0.14,3810.0,1465
2020,Anguila,149450460.0,34420440.0,0.0,0.0,1119.0,426
2020,Albania,5245673960.0,2472225990.0,0.03,0.01,3801.0,2090
2020,Andorra,1539137820.0,100453740.0,0.01,0.0,2838.0,1190
2020,United Arab Emirates,180619589300.0,177676035700.0,1.05,1.02,4471.0,4427
2020,Argentina,40008609400.0,60385794910.0,0.23,0.35,4110.0,3550
2020,Armenia,3549852890.0,2772870160.0,0.02,0.02,3681.0,1843
2020,American Samoa,133591820.0,20467710.0,0.0,0.0,905.0,506
2020,Antarctica,29689090.0,10118880.0,0.0,0.0,751.0,145
2020,Fr. So. Ant. Tr,27572420.0,25303120.0,0.0,0.0,591.0,146
2020,Antigua and Barbuda,824430890.0,210212560.0,0.0,0.0,2421.0,1188
2020,Australia,195279402600.0,266626703400.0,1.14,1.54,4458.0,4353
2020,Austria,158049908700.0,158350042700.0,0.92,0.91,4514.0,4494
2020,Azerbaijan,9812449960.0,11991387840.0,0.06,0.07,3923.0,1632
2020,Br. Antr. Terr,0.0,3670.0,0.0,0.0,0.0,1
2020,Burundi,633379400.0,164476580.0,0.0,0.0,2450.0,362
2020,Belgium,354644374400.0,330083522800.0,2.06,1.9,4536.0,4561
2020,Benin,3712013060.0,1116610630.0,0.02,0.01,2810.0,1073
2020,Bonaire,295889420.0,33096140.0,0.0,0.0,1843.0,426
2020,Burkina Faso,2794509650.0,4205365780.0000005,0.02,0.02,2884.0,1133
2020,Bangladesh,50281328390.0,41554446980.0,0.29,0.24,4143.0,2461
2020,Bulgaria,33384930050.0,31154203510.0,0.19,0.18,4437.0,4401
2020,Bahrain,12776171060.0,11372539530.0,0.07,0.07,3893.0,2468
2020,"Bahamas, The",6757649720.0,1350952810.0,0.04,0.01,3155.0,856
2020,Bosnia and Herzegovina,8374553090.0,6251701640.0,0.05,0.04,4042.0,2806
2020,Saint Barthélemy,34271250.0,47565230.0,0.0,0.0,1182.0,257
2020,Belarus,29674903540.0,25120584160.0,0.17,0.14,4309.0,3936
2020,Belize,1024872550.0,423328640.0,0.01,0.0,2473.0,945
2020,Bermuda,2622949470.0,266702890.0,0.02,0.0,2335.0,708
2020,Bolivia,5166926260.0,7313734780.0,0.03,0.04,3510.0,1281
2020,Brazil,156563407900.0,236829794400.0,0.91,1.36,4288.0,4230
2020,Barbados,1325077430.0,283852940.0,0.01,0.0,3000.0,1419
2020,Brunei,3864703810.0,7318162680.0,0.02,0.04,3243.0,1121
2020,Bhutan,831073380.0,203352600.0,0.0,0.0,3041.0,387
2020,Bunkers,19593230120.0,82304340.0,0.11,0.0,2750.0,66
2020,Bouvet Island,775160.0,328570.0,0.0,0.0,50.0,63
2020,Botswana,5630622590.0,4070994260.0,0.03,0.02,3874.0,1919
2020,Central African Republic,361091900.0,138718640.0,0.0,0.0,1943.0,395
2020,Canada,406761600300.0,396970985300.0,2.37,2.29,4531.0,4432
2020,Cocos (Keeling) Islands,6875370.0,5243370.0,0.0,0.0,268.0,325
2020,Switzerland,283804420200.0,318280406100.0,1.65,1.83,4522.0,4400
2020,Chile,56847940940.0,76512865560.0,0.33,0.44,4254.0,3223
2020,China,1726046370000.0,2702728746000.0,10.04,15.57,4541.0,4613
2020,Cote d'Ivoire,10311672490.0,11509926660.0,0.06,0.07,3584.0,1921
2020,Cameroon,7231893290.0,4329408560.0,0.04,0.02,3425.0,2059
2020,"Congo, Rep.",3038950630.0,7289705070.0,0.02,0.04,3150.0,1355
2020,Cook Islands,101741290.0,28578700.0,0.0,0.0,2121.0,275
2020,Colombia,41626482240.0,34829169940.0,0.24,0.2,4230.0,3556
2020,Comoros,284235280.0,63062370.0,0.0,0.0,1946.0,372
2020,Cape Verde,815377440.0,97238290.0,0.0,0.0,2991.0,643
2020,Costa Rica,13485103040.0,16421301140.0,0.08,0.09,3874.0,2898
2020,Cuba,3980068490.0,1713059830.0,0.02,0.01,3162.0,720
2020,Curaçao,998906850.0,183679610.0,0.01,0.0,2819.0,1755
2020,Christmas Island,24500640.0,15671740.0,0.0,0.0,646.0,262
2020,Cayman Islands,3992654870.0,1988846940.0,0.02,0.01,2522.0,670
2020,Cyprus,10705140510.0,3100215700.0,0.06,0.02,4263.0,3482
2020,Czech Republic,152376094600.0,164230005900.0,0.89,0.95,4491.0,4489
2020,Germany,1092226279000.0,1293053056000.0,6.35,7.45,4564.0,4599
2020,Djibouti,5491469460.0,251463340.0,0.03,0.0,3196.0,643
2020,Dominica,257107830.0,45188030.0,0.0,0.0,1964.0,800
2020,Denmark,93749114930.0,99616402940.0,0.55,0.57,4459.0,4442
2020,Dominican Republic,16452685600.0,10082207880.0,0.1,0.06,3926.0,2387
2020,Algeria,34603843650.0,22125974090.0,0.2,0.13,3866.0,1624
2020,East Asia & Pacific,4803684793000.0,5954649001000.0,27.95,34.31,0.0,4625
2020,Europe & Central Asia,6426457371000.0,6450753716000.0,37.39,37.17,0.0,4630
2020,Ecuador,16039002760.0,22362539350.0,0.09,0.13,3960.0,2380
2020,"Egypt, Arab Rep.",70544687820.0,29213408530.0,0.41,0.17,4218.0,3480
2020,Eritrea,309784780.0,647455780.0,0.0,0.0,1618.0,323
2020,Western Sahara,9022630.0,7562580.0,0.0,0.0,95.0,66
2020,Spain,299180384800.0,294347921300.0,1.74,1.7,4538.0,4577
2020,Estonia,19516728100.0,14444454280.0,0.11,0.08,4340.0,4181
2020,Ethiopia(excludes Eritrea),8415900470.000001,2974502050.0,0.05,0.02,3549.0,1666
2020,Finland,65263912180.0,67789153910.0,0.38,0.39,4422.0,4311
2020,Fiji,1473529950.0,656487970.0,0.01,0.0,3265.0,1853
2020,Falkland Island,112084700.0,418169100.0,0.0,0.0,1127.0,182
2020,France,553234732900.0,496106147200.0,3.22,2.86,4559.0,4586
2020,Free Zones,2918269520.0,3017318630.0,0.02,0.02,2135.0,2582
2020,Faeroe Islands,1145512240.0,1317933160.0,0.01,0.01,3036.0,712
2020,"Micronesia, Fed. Sts.",142275760.0,151725780.0,0.0,0.0,1341.0,140
2020,Gabon,2309475110.0,5219858220.0,0.01,0.03,3105.0,1038
2020,United Kingdom,606290728700.0,363804102600.0,3.53,2.1,4559.0,4586
2020,Georgia,8157768020.0,2919002400.0,0.05,0.02,3890.0,2171
2020,Ghana,16790131100.000002,13993497920.0,0.1,0.08,3837.0,2393
2020,Gibraltar,7540092990.0,214058830.0,0.04,0.0,2869.0,664
2020,Guinea,4824641580.0,12124155010.0,0.03,0.07,3116.0,937
2020,"Gambia, The",1451133340.0,344007270.0,0.01,0.0,2513.0,465
2020,Guinea-Bissau,330911690.0,181305550.0,0.0,0.0,2060.0,197
2020,Equatorial Guinea,1290573030.0,3145735440.0,0.01,0.02,2567.0,404
2020,Greece,54033021650.0,31210973210.0,0.31,0.18,4447.0,4332
2020,Grenada,320435340.0,35113080.0,0.0,0.0,2311.0,581
2020,Greenland,797252770.0,1356629360.0,0.0,0.01,2866.0,424
2020,Guatemala,16111229060.0,11339473500.0,0.09,0.07,3883.0,2899
2020,Guam,615869810.0,36866660.0,0.0,0.0,1705.0,475
2020,Guyana,2220176270.0,2361922340.0,0.01,0.01,2966.0,892
2020,"Hong Kong, China",583506314100.0,99221460070.0,3.39,0.57,4472.0,4267
2020,Heard Island and McDonald Isla,2099570.0,412190.0,0.0,0.0,36.0,45
2020,Honduras,10087121270.0,8447682260.0,0.06,0.05,3699.0,2390
2020,Croatia,26583181330.0,14190745790.0,0.15,0.08,4387.0,4142
2020,Haiti,4239347570.0000005,1042077730.0,0.02,0.01,3021.0,903
2020,Hungary,107992333900.0,114611461900.0,0.63,0.66,4461.0,4419
2020,Indonesia,138547770700.0,188333653000.0,0.81,1.09,4407.0,4154
2020,India,297206501200.0,267882319600.0,1.73,1.54,4456.0,4529
2020,British Indian Ocean Ter.,44805260.0,13663330.0,0.0,0.0,634.0,186
2020,Ireland,82503564700.0,212879539600.0,0.48,1.23,4432.0,4284
2020,"Iran, Islamic Rep.",27300150380.0,12633392960.0,0.16,0.07,3853.0,3052
2020,Iraq,52183536560.0,64895286490.0,0.3,0.37,4023.0,1320
2020,Iceland,4947466270.0,4410522250.0,0.03,0.03,3698.0,2059
2020,Israel,67039667120.0,53869976190.0,0.39,0.31,4322.0,3792
2020,Italy,411111675100.0,491963946000.0,2.39,2.83,4550.0,4591
2020,Jamaica,4329875120.0,1055804760.0,0.03,0.01,3253.0,1850
2020,Jordan,16908943090.0,7839863030.0,0.1,0.05,4050.0,2483
2020,Japan,534597762000.0,721200740100.0,3.11,4.16,4519.0,4506
2020,Kazakhstan,40851880360.0,40956029130.0,0.24,0.24,4271.0,2991
2020,Kenya,17994193660.0,6163625990.0,0.1,0.04,4001.0,3240
2020,Kyrgyz Republic,7541790820.0,1813194360.0,0.04,0.01,3629.0,2005
2020,Cambodia,25645885430.0,25225552030.0,0.15,0.15,3885.0,2061
2020,Kiribati,142992550.0,106667970.0,0.0,0.0,1548.0,160
2020,St. Kitts and Nevis,304472750.0,70625040.0,0.0,0.0,2188.0,526
2020,"Korea, Rep.",415795547400.0,576598049000.0,2.42,3.32,4491.0,4399
2020,Kuwait,29485722620.0,44095160870.0,0.17,0.25,4077.0,2075
2020,Lao PDR,5986240930.0,6720652710.0,0.03,0.04,3426.0,1408
2020,Lebanon,11579722220.0,3772095080.0,0.07,0.02,3906.0,2879
2020,Liberia,12464696540.0,1104846540.0,0.07,0.01,2896.0,600
2020,Libya,12440126190.0,9346193070.0,0.07,0.05,3414.0,554
2020,St. Lucia,1271575040.0,79081490.0,0.01,0.0,2287.0,986
2020,Latin America & Caribbean,866056199400.0,1037715510000.0,5.04,5.98,0.0,4575
2020,Sri Lanka,14825151190.0,10592123080.0,0.09,0.06,4055.0,3126
2020,Lesotho,1247174040.0,965692740.0,0.01,0.01,3553.0,1198
2020,Lithuania,30316533120.0,26770017540.0,0.18,0.15,4411.0,4334
2020,Luxembourg,23381436510.0,15526159020.0,0.14,0.09,4294.0,4196
2020,Latvia,20194925830.0,14155192930.0,0.12,0.08,4345.0,4255
2020,Macao,9459138280.0,1409979980.0,0.06,0.01,3085.0,1575
2020,Morocco,39192145150.0,29534543580.0,0.23,0.17,4217.0,3193
2020,Moldova,5460593770.0,3073723550.0,0.03,0.02,3859.0,1977
2020,Madagascar,2934677300.0,2781115530.0,0.02,0.02,3385.0,1521
2020,Maldives,1447390550.0,222932790.0,0.01,0.0,3370.0,716
2020,Middle East & North Africa,799203916700.0,753369597600.0,4.65,4.34,0.0,4565
2020,Mexico,348021000300.0,445677848200.0,2.02,2.57,4457.0,4255
2020,Marshall Islands,15084717110.0,830784880.0,0.09,0.0,2365.0,452
2020,North Macedonia,7831161310.0,7543472640.0,0.05,0.04,3869.0,2513
2020,Mali,4618842880.0,5100250580.0,0.03,0.03,3101.0,1237
2020,Malta,15168730020.0,4152382340.0,0.09,0.02,4180.0,3310
2020,Myanmar,26304761690.0,19507095550.0,0.15,0.11,3965.0,2063
2020,Mongolia,4675189990.0,6244055870.0,0.03,0.04,3241.0,1023
2020,Northern Mariana Islands,112812840.0,8130040.0,0.0,0.0,980.0,152
2020,Montenegro,2494803240.0,458765060.0,0.01,0.0,3595.0,1452
2020,Mozambique,10990206960.0,4924851250.0,0.06,0.03,3869.0,1609
2020,Mauritania,2869930580.0,3405707920.0,0.02,0.02,3018.0,815
2020,Montserrat,20284790.0,7596740.0,0.0,0.0,790.0,202
2020,Mauritius,3481524930.0,2004622130.0,0.02,0.01,3754.0,2749
2020,Malawi,1398440940.0,793424110.0,0.01,0.0,3220.0,880
2020,Malaysia,199555730200.0,329392516200.0,1.16,1.9,4470.0,4288
2020,North America,2718949114000.0,1787811130000.0,15.82,10.3,0.0,4640
2020,Namibia,4334574620.0,4174184900.0,0.03,0.02,3934.0,2518
2020,New Caledonia,2151706300.0,1899380200.0,0.01,0.01,3265.0,830
2020,Niger,1591449200.0,2372693880.0,0.01,0.01,2560.0,1119
2020,Norfolk Island,49204430.0,2430560.0,0.0,0.0,874.0,86
2020,Nigeria,43035709400.0,38421839010.0,0.25,0.22,4006.0,3019
2020,Nicaragua,5616085840.0,5885170630.0,0.03,0.03,3387.0,1833
2020,Niue,23662310.0,78977210.0,0.0,0.0,1093.0,224
2020,Netherlands,545605997200.00006,474152180500.0,3.17,2.73,4545.0,4583
2020,Norway,76864532350.0,83455685990.0,0.45,0.48,4430.0,3906
2020,Nepal,8228577590.0,908329650.0,0.05,0.01,3989.0,1487
2020,Nauru,116090720.0,131930410.0,0.0,0.0,1130.0,331
2020,New Zealand,33509520180.0,40324225100.0,0.2,0.23,4291.0,3686
2020,"Other Asia, nes",270433817500.0,519819926700.0,1.57,3.0,4440.0,4341
2020,Oman,28627678880.0,35056159920.0,0.17,0.2,4152.0,2417
2020,Pakistan,45816399650.0,22836196580.0,0.27,0.13,4161.0,3409
2020,Panama,35190544080.0,5309834400.0,0.2,0.03,3838.0,3133
2020,Pitcairn,2848680.0,3226980.0,0.0,0.0,142.0,157
2020,Peru,33305859690.0,46308868900.0,0.19,0.27,4134.0,3311
2020,Philippines,116625328000.0,87312411130.0,0.68,0.5,4324.0,3388
2020,Palau,96740770.0,15449860.0,0.0,0.0,1460.0,158
2020,Papua New Guinea,3941050760.0,10016653340.0,0.02,0.06,3219.0,739
2020,Poland,265842883400.0,242107023500.0,1.55,1.4,4526.0,4523
2020,"Korea, Dem. Rep.",943447120.0,231313230.0,0.01,0.0,1664.0,1370
2020,Portugal,73923976530.0,60830728650.0,0.43,0.35,4472.0,4473
2020,Paraguay,7691561390.0,8566908230.0,0.04,0.05,3655.0,1353
2020,Occ.Pal.Terr,995658380.0,182213810.0,0.01,0.0,1929.0,426
2020,French Polynesia,1353767500.0,91149380.0,0.01,0.0,3033.0,639
2020,Qatar,28445863060.0,55877786270.0,0.17,0.32,4075.0,3005
2020,Romania,87750026670.0,70747478870.0,0.51,0.41,4489.0,4365
2020,Russian Federation,215134409900.0,331526027500.0,1.25,1.91,4469.0,4481
2020,Rwanda,1595483590.0,931103740.0,0.01,0.01,3107.0,1006
2020,South Asia,427348697200.0,346021194800.0,2.49,1.99,0.0,4560
2020,Saudi Arabia,133983256800.0,174932027300.0,0.78,1.01,4377.0,3562
2020,Senegal,10337055110.0,2719029320.0,0.06,0.02,3679.0,2052
2020,"Serbia, FR(Serbia/Montenegro)",24583697840.0,19957137090.0,0.14,0.12,4319.0,3738
2020,Singapore,286253836000.0,245248175800.0,1.67,1.41,4437.0,4317
2020,South Georgia and the South Sa,481170.0,381470.0,0.0,0.0,17.0,55
2020,Saint Helena,53233940.0,11978460.0,0.0,0.0,1326.0,320
2020,Solomon Islands,371531770.0,554217440.0,0.0,0.0,2035.0,286
2020,Sierra Leone,1187650260.0,577021690.0,0.01,0.0,2628.0,1200
2020,El Salvador,8828601390.0,5064014600.0,0.05,0.03,3657.0,2728
2020,San Marino,281525560.0,162292670.0,0.0,0.0,1402.0,1038
2020,Somalia,4423907780.0,471117100.0,0.03,0.0,2804.0,642
2020,Special Categories,38852299010.0,46104897710.0,0.23,0.27,1894.0,2100
2020,Saint Pierre and Miquelon,73970880.0,7487190.0,0.0,0.0,1743.0,104
2020,South Sudan,1123016170.0,857308730.0,0.01,0.0,2380.0,321
2020,Sub-Saharan Africa,322252197600.0,321821465900.0,1.87,1.85,0.0,4563
2020,Sao Tome and Principe,118517370.0,26288710.0,0.0,0.0,2110.0,387
2020,Sudan,8834639160.0,4158749010.0,0.05,0.02,3460.0,800
2020,Suriname,1237634510.0,2429558680.0,0.01,0.01,2801.0,1081
2020,Slovak Republic,75289568260.0,83075838650.0,0.44,0.48,4435.0,4352
2020,Slovenia,40353997180.0,33549280190.0,0.23,0.19,4429.0,4386
2020,Sweden,135888234500.0,145381799600.0,0.79,0.84,4488.0,4468
2020,Eswatini,1383448070.0,1927030070.0,0.01,0.01,3822.0,2135
2020,Saint Maarten (Dutch part),495970100.0,58658050.0,0.0,0.0,2206.0,1135
2020,Seychelles,790306520.0,593312570.0,0.0,0.0,2975.0,808
2020,Syrian Arab Republic,4957371140.0,951852410.0,0.03,0.01,3299.0,1802
2020,Turks and Caicos Isl.,319425650.0,103563750.0,0.0,0.0,1751.0,706
2020,Chad,1156644220.0,1698873250.0,0.01,0.01,2303.0,475
2020,Togo,10437548930.0,1899363690.0,0.06,0.01,3177.0,1710
2020,Thailand,185796546800.0,264341962700.0,1.08,1.52,4464.0,4361
2020,Tajikistan,3447172730.0,1393600580.0,0.02,0.01,3071.0,628
2020,Tokelau,10412790.0,43290450.0,0.0,0.0,149.0,678
2020,Turkmenistan,3359279370.0,10259093090.0,0.02,0.06,3258.0,657
2020,East Timor,620675400.0,108232800.0,0.0,0.0,2424.0,390
2020,Tonga,185844200.0,11365460.0,0.0,0.0,1977.0,272
2020,Trinidad and Tobago,5208225010.0,7924947330.0,0.03,0.05,3429.0,2569
2020,Tunisia,16698529820.0,14140074110.0,0.1,0.08,3987.0,2952
2020,Turkey,190729050500.0,161169182500.0,1.11,0.93,4463.0,4457
2020,Tuvalu,109685320.0,16088300.0,0.0,0.0,1119.0,139
2020,Tanzania,12376652730.0,6591923670.0,0.07,0.04,3726.0,2565
2020,Uganda,4603125690.0,3055706210.0,0.03,0.02,3591.0,2025
2020,Ukraine,52291634600.0,52915215690.0,0.3,0.3,4395.0,3764
2020,United States Minor Outlying I,786678300.0,14430830.0,0.0,0.0,368.0,613
2020,Unspecified,470512034700.0,128414019600.0,2.74,0.74,3580.0,4446
2020,Uruguay,9085731110.0,8871936630.0,0.05,0.05,3820.0,2122
2020,United States,2309564564000.0,1390573442000.0,13.44,8.01,4591.0,4639
2020,Uzbekistan,19143163410.0,11844984200.0,0.11,0.07,3920.0,2029
2020,Holy See,51478720.0,13925830.0,0.0,0.0,299.0,229
2020,St. Vincent and the Grenadines,284236680.0,246065820.0,0.0,0.0,2232.0,669
2020,Venezuela,6760574970.0,5927628620.0,0.04,0.03,3420.0,1709
2020,British Virgin Islands,1150652450.0,756333040.0,0.01,0.0,1914.0,803
2020,Vietnam,284086270300.0,351859900000.0,1.65,2.03,4447.0,4114
2020,Vanuatu,303103980.0,230614260.0,0.0,0.0,2198.0,327
2020, World,17187849405000.0,17354840536000.0,100.0,100.0,4615.0,4643
2020,Wallis and Futura Isl.,40391020.0,1735090.0,0.0,0.0,1218.0,111
2020,Samoa,365131650.0,49364220.0,0.0,0.0,2253.0,424
2020,Yemen,11156712330.0,1633382830.0,0.06,0.01,3433.0,781
2020,South Africa,71296215430.0,111889123300.0,0.41,0.64,4419.0,4497
2020,"Congo, Dem. Rep.",7299399040.0,10670156930.0,0.04,0.06,3837.0,1542
2020,Zambia,5115318870.0,6508817400.0,0.03,0.04,3749.0,2244
2020,Zimbabwe,3927235800.0,3676114860.0,0.02,0.02,3751.0,1507
2021,Aruba,1165378180.0,166645630.0,0.01,0.0,2585.0,674
2021,Afghanistan,7376496540.0,1985086660.0,0.03,0.01,3096.0,1685
2021,Angola,9452463830.0,33482488410.0,0.04,0.15,3865.0,1579
2021,Anguila,231493010.0,31355000.0,0.0,0.0,1279.0,584
2021,Albania,6877893400.0,3442926080.0,0.03,0.02,3841.0,2193
2021,Andorra,1566078140.0,113221020.0,0.01,0.0,2925.0,1301
2021,United Arab Emirates,241125040700.0,263031808300.0,1.11,1.2,4483.0,4456
2021,Argentina,56271962390.0,80647017220.0,0.26,0.37,4152.0,3631
2021,Armenia,4409654250.0,3112138930.0,0.02,0.01,3700.0,2005
2021,American Samoa,152634860.0,34698960.0,0.0,0.0,998.0,655
2021,Antarctica,49365030.0,8287639.999999999,0.0,0.0,762.0,185
2021,Fr. So. Ant. Tr,33288830.0,11905170.0,0.0,0.0,638.0,166
2021,Antigua and Barbuda,1307071030.0,251846060.0,0.01,0.0,2398.0,1284
2021,Australia,242700267300.0,375821533500.0,1.12,1.71,4462.0,4376
2021,Austria,198047897800.0,191822865700.0,0.91,0.87,4514.0,4502
2021,Azerbaijan,11106579040.0,21473506940.0,0.05,0.1,3956.0,1752
2021,Br. Antr. Terr,2400.0,2580.0,0.0,0.0,1.0,1
2021,Burundi,723845370.0,126797030.0,0.0,0.0,2446.0,522
2021,Belgium,465533358800.0,431656064500.0,2.15,1.96,4535.0,4568
2021,Benin,4935820700.0,1681746550.0,0.02,0.01,2872.0,1241
2021,Bonaire,560984560.0,75082320.0,0.0,0.0,1679.0,157
2021,Burkina Faso,3731370020.0,4589194070.0,0.02,0.02,3009.0,1310
2021,Bangladesh,77389334460.0,53190241510.0,0.36,0.24,4163.0,2678
2021,Bulgaria,43419961380.0,40402779710.0,0.2,0.18,4444.0,4413
2021,Bahrain,16084058190.0,16653741460.0,0.07,0.08,3930.0,2782
2021,"Bahamas, The",8176434760.0,1660698650.0,0.04,0.01,3124.0,894
2021,Bosnia and Herzegovina,10894319770.0,8862071770.0,0.05,0.04,4093.0,2902
2021,Saint Barthélemy,65932509.99999999,26521160.0,0.0,0.0,1160.0,347
2021,Belarus,38203523350.0,33635557600.0,0.18,0.15,4325.0,4009
2021,Belize,1174391420.0,372554610.0,0.01,0.0,2474.0,1009
2021,Bermuda,2144555180.0000002,224412220.0,0.01,0.0,2365.0,798
2021,Bolivia,6780714020.0,10577010780.0,0.03,0.05,3553.0,1491
2021,Brazil,220428599800.0,315669596700.0,1.02,1.44,4311.0,4258
2021,Barbados,1634339760.0,296452130.0,0.01,0.0,2945.0,1598
2021,Brunei,5769097750.0,10414175900.0,0.03,0.05,3250.0,1154
2021,Bhutan,1125137760.0,369861390.0,0.01,0.0,3389.0,494
2021,Bunkers,27642392500.0,702188220.0,0.13,0.0,2726.0,183
2021,Bouvet Island,1139040.0,191530.0,0.0,0.0,51.0,66
2021,Botswana,7171105650.0,5886117630.0,0.03,0.03,3894.0,1969
2021,Central African Republic,381724400.0,135999790.0,0.0,0.0,1963.0,497
2021,Canada,486527828500.0,516536729400.0,2.24,2.35,4528.0,4453
2021,Cocos (Keeling) Islands,11741210.0,8644570.0,0.0,0.0,334.0,372
2021,Switzerland,324325397500.0,389938284800.0,1.5,1.77,4517.0,4409
2021,Chile,86611503050.0,100733224400.0,0.4,0.46,4271.0,3303
2021,China,2182086483000.0,3399159648000.0,10.06,15.47,4550.0,4612
2021,Cote d'Ivoire,14563918510.0,13738737240.0,0.07,0.06,3719.0,2147
2021,Cameroon,8606053090.0,5635068990.0,0.04,0.03,3439.0,2279
2021,"Congo, Rep.",3418239690.0,10461520160.0,0.02,0.05,3167.0,1506
2021,Cook Islands,176552960.0,31986480.0,0.0,0.0,2151.0,308
2021,Colombia,59043744110.0,45987182080.0,0.27,0.21,4211.0,3655
2021,Comoros,359339100.0,56908240.0,0.0,0.0,2000.0,392
2021,Cape Verde,889615270.0,127785850.0,0.0,0.0,3012.0,650
2021,Costa Rica,17231167510.0,21951640380.0,0.08,0.1,3898.0,2986
2021,Cuba,4040998710.0,1722192290.0,0.02,0.01,3158.0,790
2021,Curaçao,1137435190.0,335214630.0,0.01,0.0,2759.0,1875
2021,Christmas Island,36033420.0,14415020.0,0.0,0.0,721.0,308
2021,Cayman Islands,6226681200.0,2459105730.0,0.03,0.01,2585.0,904
2021,Cyprus,12722995530.0,3538296400.0,0.06,0.02,4289.0,3531
2021,Czech Republic,187354821000.0,194479634900.0,0.86,0.89,4498.0,4485
2021,Germany,1350247246000.0,1533570133000.0,6.23,6.98,4568.0,4595
2021,Djibouti,8271435090.0,390707950.0,0.04,0.0,3240.0,756
2021,Dominica,692579010.0,42218820.0,0.0,0.0,1913.0,802
2021,Denmark,115556198000.0,112370865500.0,0.53,0.51,4452.0,4442
2021,Dominican Republic,23164382530.0,11660592370.0,0.11,0.05,3959.0,2460
2021,Algeria,36981205860.0,38607310780.0,0.17,0.18,3881.0,1982
2021,East Asia & Pacific,6000548059000.0,7429197465000.0,27.67,33.81,0.0,4627
2021,Europe & Central Asia,7989929958000.0,7998948362000.0,36.84,36.41,0.0,4633
2021,Ecuador,22545318920.0,29339914580.0,0.1,0.13,3961.0,2511
2021,"Egypt, Arab Rep.",96126371710.0,40313972090.0,0.44,0.18,4244.0,3617
2021,Eritrea,333228820.0,671641290.0,0.0,0.0,1848.0,364
2021,Western Sahara,36969170.0,6680220.0,0.0,0.0,126.0,76
2021,Spain,381443236000.0,361192020000.0,1.76,1.64,4535.0,4566
2021,Estonia,26005445660.0,18579882850.0,0.12,0.08,4363.0,4198
2021,Ethiopia(excludes Eritrea),11592703410.0,3858379050.0,0.05,0.02,3564.0,1877
2021,Finland,81144280020.0,82750835550.0,0.37,0.38,4432.0,4324
2021,Fiji,2041042240.0,752720240.0,0.01,0.0,3227.0,1957
2021,Falkland Island,140357770.0,338421310.0,0.0,0.0,1145.0,202
2021,France,682999825600.0,590047737800.0,3.15,2.69,4562.0,4591
2021,Free Zones,2837668790.0,4467633850.0,0.01,0.02,1756.0,2731
2021,Faeroe Islands,1296684300.0,1617355170.0,0.01,0.01,3079.0,943
2021,"Micronesia, Fed. Sts.",132266260.00000001,205703170.0,0.0,0.0,1269.0,230
2021,Gabon,2234757750.0,6792613830.0,0.01,0.03,3158.0,1078
2021,United Kingdom,676658069300.0,414174562000.0,3.12,1.89,4565.0,4596
2021,Georgia,10158043810.0,3912870420.0,0.05,0.02,3903.0,2266
2021,Ghana,21049629310.0,15136899340.0,0.1,0.07,3878.0,2561
2021,Gibraltar,8443987600.0,144495610.0,0.04,0.0,2866.0,717
2021,Guinea,5377532330.0,10170747730.0,0.02,0.05,3232.0,1219
2021,"Gambia, The",1638613490.0,283030380.0,0.01,0.0,2520.0,628
2021,Guinea-Bissau,423804400.0,206015560.0,0.0,0.0,2166.0,233
2021,Equatorial Guinea,1004896500.0,5249372680.0,0.0,0.02,2546.0,628
2021,Greece,72213264350.0,40894577250.0,0.33,0.19,4460.0,4342
2021,Grenada,339940630.0,41039960.0,0.0,0.0,2196.0,589
2021,Greenland,951556740.0,1434281540.0,0.0,0.01,2887.0,694
2021,Guatemala,21912481420.0,13976665920.0,0.1,0.06,3904.0,2930
2021,Guam,840210570.0,23772580.0,0.0,0.0,1780.0,636
2021,Guyana,3079097990.0,4203942920.0,0.01,0.02,3011.0,905
2021,"Hong Kong, China",719841278500.0,93823302200.0,3.32,0.43,4479.0,4245
2021,Heard Island and McDonald Isla,395290.0,1156100.0,0.0,0.0,69.0,36
2021,Honduras,14942031150.0,11037920420.0,0.07,0.05,3767.0,2517
2021,Croatia,34425112190.0,19050719200.0,0.16,0.09,4387.0,4183
2021,Haiti,4512238840.0,1385945520.0,0.02,0.01,2871.0,932
2021,Hungary,134721925500.0,133708873000.0,0.62,0.61,4472.0,4390
2021,Indonesia,193979279900.0,265686515900.0,0.89,1.21,4405.0,4177
2021,India,458897423100.0,378484737000.0,2.12,1.72,4447.0,4542
2021,British Indian Ocean Ter.,47587350.0,4085810.0,0.0,0.0,257.0,174
2021,Ireland,99284779130.0,246620444400.0,0.46,1.12,4430.0,4281
2021,"Iran, Islamic Rep.",33208272750.0,16186203230.0,0.15,0.07,3894.0,3213
2021,Iraq,61406796900.0,87602679380.0,0.28,0.4,4032.0,1668
2021,Iceland,6716981280.0,6200718910.0,0.03,0.03,3718.0,2202
2021,Israel,87754713740.0,69405488940.0,0.4,0.32,4369.0,3870
2021,Italy,538517612600.0,607580069800.0,2.48,2.77,4559.0,4590
2021,Jamaica,4954411990.0,1124245450.0,0.02,0.01,3170.0,1903
2021,Jordan,21706688210.0,9865009550.0,0.1,0.04,4048.0,2689
2021,Japan,634215193700.0,851133208600.0,2.92,3.87,4511.0,4498
2021,Kazakhstan,48111111720.0,56771783230.0,0.22,0.26,4295.0,3147
2021,Kenya,23201531600.0,7109119740.0,0.11,0.03,4057.0,3346
2021,Kyrgyz Republic,13117516750.0,2875984470.0,0.06,0.01,3669.0,2090
2021,Cambodia,36537750790.0,29771688080.0,0.17,0.14,3895.0,2135
2021,Kiribati,166371710.0,104543140.0,0.0,0.0,1686.0,192
2021,St. Kitts and Nevis,294484490.0,73906490.0,0.0,0.0,1860.0,700
2021,"Korea, Rep.",535602156300.0,731814173900.0,2.47,3.33,4497.0,4392
2021,Kuwait,35938321720.0,63997066950.0,0.17,0.29,4068.0,2340
2021,Lao PDR,6892820120.0,8559449289.999999,0.03,0.04,3425.0,1387
2021,Lebanon,13945540670.0,3716605930.0,0.06,0.02,3938.0,3157
2021,Liberia,16531073970.0,1822411210.0,0.08,0.01,3042.0,801
2021,Libya,17470403460.0,32904983400.0,0.08,0.15,3490.0,815
2021,St. Lucia,1522467860.0,67926320.0,0.01,0.0,2170.0,1093
2021,Latin America & Caribbean,1185687644000.0,1314207893000.0,5.47,5.98,0.0,4566
2021,Sri Lanka,19327169830.0,13197476170.0,0.09,0.06,4081.0,3183
2021,Lesotho,1596780060.0,1074476520.0,0.01,0.0,3546.0,1123
2021,Lithuania,40880789210.0,33721356420.0,0.19,0.15,4420.0,4336
2021,Luxembourg,29527535950.0,19247090780.0,0.14,0.09,4294.0,4172
2021,Latvia,26003272180.0,17377300130.0,0.12,0.08,4381.0,4261
2021,Macao,14482825050.0,1663059390.0,0.07,0.01,3176.0,1731
2021,Morocco,51677148040.0,38654628470.0,0.24,0.18,4250.0,3364
2021,Moldova,7397628270.0,3914335960.0,0.03,0.02,3872.0,2140
2021,Madagascar,3568390810.0,3319655120.0,0.02,0.02,3404.0,1693
2021,Maldives,2502038350.0,275485540.0,0.01,0.0,3513.0,876
2021,Middle East & North Africa,990349622100.0,1107835860000.0,4.57,5.04,0.0,4576
2021,Mexico,465684914500.0,529608149900.0,2.15,2.41,4459.0,4279
2021,Marshall Islands,14359344530.0,1679736060.0,0.07,0.01,2308.0,518
2021,North Macedonia,10535396210.0,9270161160.0,0.05,0.04,3914.0,2589
2021,Mali,5740292280.0,9458213670.0,0.03,0.04,3176.0,1458
2021,Malta,21308761950.0,5505329630.0,0.1,0.03,4228.0,3482
2021,Myanmar,23369177880.0,20790698420.0,0.11,0.09,3911.0,2105
2021,Mongolia,6190679850.0,8296164080.0,0.03,0.04,3351.0,1182
2021,Northern Mariana Islands,65057610.0,3431670.0,0.0,0.0,916.0,182
2021,Montenegro,3032551740.0,710508050.0,0.01,0.0,3611.0,1538
2021,Mozambique,17363905560.0,7350848410.0,0.08,0.03,3923.0,1682
2021,Mauritania,3706261580.0,4145523820.0,0.02,0.02,3059.0,989
2021,Montserrat,18981840.0,14574210.0,0.0,0.0,737.0,283
2021,Mauritius,4354908060.0,2332920710.0,0.02,0.01,3779.0,2791
2021,Malawi,1668114810.0,1007656530.0,0.01,0.0,3294.0,971
2021,Malaysia,255779092400.0,418509490600.0,1.18,1.9,4466.0,4323
2021,North America,3310231677000.0,2224367074000.0,15.26,10.12,0.0,4630
2021,Namibia,6657713360.0,4642855300.0,0.03,0.02,3988.0,2567
2021,New Caledonia,2258983690.0,2057908860.0,0.01,0.01,3230.0,902
2021,Niger,2035380070.0,3649741440.0,0.01,0.02,2637.0,1386
2021,Norfolk Island,35976510.0,2313650.0,0.0,0.0,812.0,187
2021,Nigeria,58148162040.0,53865943130.0,0.27,0.25,4071.0,3302
2021,Nicaragua,7331999690.0,7791671830.0,0.03,0.04,3359.0,1979
2021,Niue,38144380.0,6306080.0,0.0,0.0,1050.0,226
2021,Netherlands,702085660200.0,592695172400.0,3.24,2.7,4550.0,4576
2021,Norway,89923932110.0,145044191400.0,0.41,0.66,4444.0,4042
2021,Nepal,13150285930.0,1653725010.0,0.06,0.01,4053.0,1584
2021,Nauru,109218800.0,211627670.0,0.0,0.0,1354.0,476
2021,New Zealand,43434004900.0,46576036540.0,0.2,0.21,4301.0,3815
2021,"Other Asia, nes",353374894900.0,684121146500.0,1.63,3.11,4425.0,4350
2021,Oman,30928649550.0,60905116110.0,0.14,0.28,4171.0,2646
2021,Pakistan,67673935349.99999,30086947040.0,0.31,0.14,4172.0,3523
2021,Panama,45667295550.0,7502624850.0,0.21,0.03,3904.0,3208
2021,Pitcairn,4179970.0000000005,6661930.0,0.0,0.0,127.0,225
2021,Peru,46504711410.0,65129360550.0,0.21,0.3,4121.0,3416
2021,Philippines,151436127900.0,108780782900.0,0.7,0.5,4332.0,3457
2021,Palau,125351640.0,5688550.0,0.0,0.0,1356.0,112
2021,Papua New Guinea,4263491160.0,11976614310.0,0.02,0.05,3244.0,898
2021,Poland,346636347000.0,296734170700.0,1.6,1.35,4513.0,4532
2021,"Korea, Dem. Rep.",653470410.0,256687460.0,0.0,0.0,641.0,1345
2021,Portugal,94002771590.0,74095457190.0,0.43,0.34,4493.0,4489
2021,Paraguay,10898758320.0,10947610610.0,0.05,0.05,3654.0,1431
2021,Occ.Pal.Terr,1538339770.0,184129480.0,0.01,0.0,2109.0,446
2021,French Polynesia,1620477750.0,177485830.0,0.01,0.0,3084.0,793
2021,Qatar,30900476610.0,83506230840.0,0.14,0.38,4146.0,3041
2021,Romania,108689997200.0,87878675380.0,0.5,0.4,4491.0,4354
2021,Russian Federation,265518732900.0,497512260500.0,1.22,2.26,4484.0,4477
2021,Rwanda,2140106700.0000002,778740930.0,0.01,0.0,3143.0,1170
2021,South Asia,647441821300.0,479243560300.0,2.99,2.18,0.0,4569
2021,Saudi Arabia,146086205800.0,255974967800.0,0.67,1.17,4382.0,3636
2021,Senegal,14400383810.0,3684286540.0,0.07,0.02,3742.0,2165
2021,"Serbia, FR(Serbia/Montenegro)",32469089320.0,26135491330.0,0.15,0.12,4305.0,3788
2021,Singapore,336236886100.0,297509292600.0,1.55,1.35,4446.0,4309
2021,South Georgia and the South Sa,365160.0,477050.0,0.0,0.0,99.0,75
2021,Saint Helena,51735950.0,38945520.0,0.0,0.0,1248.0,316
2021,Solomon Islands,482871080.0,535936360.0,0.0,0.0,2089.0,436
2021,Sierra Leone,1643343010.0,978306210.0,0.01,0.0,2801.0,1410
2021,El Salvador,12214872270.0,6504082280.0,0.06,0.03,3696.0,2781
2021,San Marino,449084710.0,227844520.0,0.0,0.0,1485.0,1114
2021,Somalia,5142920610.0,515134460.0,0.02,0.0,2922.0,692
2021,Special Categories,49794816770.0,85094296490.0,0.23,0.39,2059.0,2230
2021,Saint Pierre and Miquelon,74523440.0,9355980.0,0.0,0.0,1744.0,152
2021,South Sudan,1381901250.0,575789630.0,0.01,0.0,2497.0,395
2021,Sub-Saharan Africa,426391368900.0,437971841700.0,1.97,1.99,0.0,4572
2021,Sao Tome and Principe,132787690.0,29185790.0,0.0,0.0,2134.0,382
2021,Sudan,9016228170.0,5651090990.0,0.04,0.03,3366.0,1405
2021,Suriname,1443039990.0,2284813910.0,0.01,0.01,2811.0,1133
2021,Slovak Republic,93687178070.0,101430102700.0,0.43,0.46,4429.0,4373
2021,Slovenia,54775119070.0,42765466660.0,0.25,0.19,4415.0,4359
2021,Sweden,167919752500.0,179088175500.0,0.77,0.82,4497.0,4466
2021,Eswatini,1797111150.0,2404685340.0,0.01,0.01,3848.0,2172
2021,Saint Maarten (Dutch part),554324050.0,75238050.0,0.0,0.0,2236.0,1047
2021,Seychelles,741120790.0,710615870.0,0.0,0.0,2977.0,1040
2021,Syrian Arab Republic,5389045950.0,1112161320.0,0.02,0.01,3176.0,1956
2021,Turks and Caicos Isl.,464136660.0,50224320.0,0.0,0.0,1836.0,690
2021,Chad,1264719430.0,2987431200.0,0.01,0.01,2247.0,634
2021,Togo,13678712910.0,3784592600.0,0.06,0.02,3169.0,1933
2021,Thailand,238541127700.0,321002191600.0,1.1,1.46,4450.0,4367
2021,Tajikistan,4766184010.0,1550388010.0,0.02,0.01,3191.0,778
2021,Tokelau,9506850.0,25592170.0,0.0,0.0,352.0,773
2021,Turkmenistan,4496381210.0,9481590700.0,0.02,0.04,3317.0,762
2021,East Timor,813032900.0,333509560.0,0.0,0.0,2458.0,435
2021,Tonga,233989170.0,16171190.0,0.0,0.0,2052.0,442
2021,Trinidad and Tobago,5689958870.0,11739808030.0,0.03,0.05,3362.0,2556
2021,Tunisia,21216559660.0,17370071410.0,0.1,0.08,4029.0,3121
2021,Turkey,241193839800.0,217889311400.0,1.11,0.99,4472.0,4464
2021,Tuvalu,168948810.0,128773110.0,0.0,0.0,1213.0,198
2021,Tanzania,17388159500.0,8267985870.0,0.08,0.04,3812.0,2783
2021,Uganda,5662719510.0,3705630760.0,0.03,0.02,3575.0,2025
2021,Ukraine,65574707540.0,73038897560.0,0.3,0.33,4398.0,3898
2021,United States Minor Outlying I,61976270.0,17211940.0,0.0,0.0,570.0,795
2021,Unspecified,678602113500.0,200166501500.0,3.13,0.91,3858.0,4462
2021,Uruguay,12989036750.0,12071700640.0,0.06,0.05,3839.0,2156
2021,United States,2821559294000.0,1707605932000.0,13.01,7.77,4571.0,4630
2021,Uzbekistan,22332637860.0,13309350970.0,0.1,0.06,3978.0,2321
2021,Holy See,84530100.0,13339330.0,0.0,0.0,281.0,621
2021,St. Vincent and the Grenadines,442208720.0,188409810.0,0.0,0.0,2174.0,677
2021,Venezuela,7749966020.0,4864712810.0,0.04,0.02,3409.0,1546
2021,British Virgin Islands,2156343820.0,304719890.0,0.01,0.0,1985.0,825
2021,Vietnam,344273652800.0,421239671000.0,1.59,1.92,4429.0,4135
2021,Vanuatu,393490440.0,309787740.0,0.0,0.0,2287.0,394
2021, World,21687056369000.0,21971191237000.0,100.0,100.0,4617.0,4643
2021,Wallis and Futura Isl.,51015760.0,774750.0,0.0,0.0,1233.0,145
2021,Samoa,409121710.0,43213540.0,0.0,0.0,2211.0,511
2021,Yemen,12823925480.0,2131776420.0,0.06,0.01,3386.0,875
2021,South Africa,96972757350.0,161203235800.0,0.45,0.73,4422.0,4509
2021,"Congo, Dem. Rep.",9928827020.0,17424610040.0,0.05,0.08,3869.0,1672
2021,Zambia,6268929500.0,8278150500.0,0.03,0.04,3789.0,2401
2021,Zimbabwe,5385692860.0,4573030750.0,0.02,0.02,3814.0,1711
2022,Aruba,1541694930.0,68369120.0,0.01,0.0,2685.0,649
2022,Afghanistan,7483942100.0,1627123450.0,0.03,0.01,2897.0,1594
2022,Angola,14629831870.0,53133765870.0,0.06,0.22,3938.0,1810
2022,Anguila,287283630.0,31882180.0,0.0,0.0,1288.0,451
2022,Albania,7328704930.0,4350216690.0,0.03,0.02,3857.0,2341
2022,Andorra,1856259430.0,124095780.0,0.01,0.0,2960.0,1331
2022,United Arab Emirates,264799490200.0,348553236200.0,1.15,1.43,4468.0,4441
2022,Argentina,69574638390.0,91351744540.0,0.3,0.37,4143.0,3586
2022,Armenia,6434446800.0,3198256030.0,0.03,0.01,3680.0,1791
2022,American Samoa,239628500.0,20024230.0,0.0,0.0,1105.0,830
2022,Antarctica,33209379.999999996,14194020.0,0.0,0.0,581.0,287
2022,Fr. So. Ant. Tr,18747210.0,12484130.0,0.0,0.0,600.0,154
2022,Antigua and Barbuda,1723978550.0,227054450.0,0.01,0.0,2460.0,1230
2022,Australia,280939030400.0,443804643500.0,1.22,1.82,4451.0,4326
2022,Austria,209216070200.0,205386526600.0,0.91,0.84,4516.0,4501
2022,Azerbaijan,10062629820.0,39112969970.0,0.04,0.16,3928.0,1745
2022,Br. Antr. Terr,0.0,7760.0,0.0,0.0,0.0,5
2022,Burundi,783927380.0,118063880.0,0.0,0.0,2612.0,542
2022,Belgium,531491602500.0,462478979000.0,2.3,1.9,4539.0,4555
2022,Benin,5551113490.0,1368343320.0,0.02,0.01,2914.0,1122
2022,Bonaire,824819320.0,10693550.0,0.0,0.0,1747.0,196
2022,Burkina Faso,3998636930.0,4332672690.0,0.02,0.02,3042.0,1478
2022,Bangladesh,86192785940.0,65497280560.0,0.37,0.27,4203.0,2753
2022,Bulgaria,48632991450.0,51964296350.0,0.21,0.21,4486.0,4451
2022,Bahrain,15190859600.0,18119614820.0,0.07,0.07,3886.0,2541
2022,"Bahamas, The",10402305120.0,3293704480.0,0.04,0.01,3208.0,856
2022,Bosnia and Herzegovina,12387814240.0,9579374160.0,0.05,0.04,4105.0,2951
2022,Saint Barthélemy,59184800.0,370790850.0,0.0,0.0,1140.0,341
2022,Belarus,12676207870.0,11191064380.0,0.05,0.05,3910.0,2908
2022,Belize,1582685750.0,352349630.0,0.01,0.0,2539.0,930
2022,Bermuda,1694241260.0,74315280.0,0.01,0.0,2389.0,808
2022,Bolivia,7639688510.0,14512574970.0,0.03,0.06,3597.0,1399
2022,Brazil,245516262200.0,364424694400.0,1.06,1.49,4336.0,4281
2022,Barbados,1707240330.0,317670690.0,0.01,0.0,3052.0,1581
2022,Brunei,5995671210.0,14478203550.0,0.03,0.06,3261.0,1110
2022,Bhutan,1359197830.0,395878370.0,0.01,0.0,3414.0,525
2022,Bunkers,57130708780.0,954733480.0,0.25,0.0,2829.0,1583
2022,Bouvet Island,672740.0,1187430.0,0.0,0.0,40.0,71
2022,Botswana,7260634480.0,7252909810.0,0.03,0.03,3874.0,1984
2022,Central African Republic,451618820.0,173032540.0,0.0,0.0,1847.0,477
2022,Canada,553568503600.0,635036323000.0,2.4,2.6,4530.0,4439
2022,Cocos (Keeling) Islands,12003670.0,3584340.0,0.0,0.0,491.0,381
2022,Switzerland,345184032200.0,406156757500.0,1.49,1.67,4507.0,4416
2022,Chile,92703654360.0,110989852400.0,0.4,0.46,4258.0,3341
2022,China,2020135622000.0,3555775035000.0,8.75,14.58,4537.0,4607
2022,Cote d'Ivoire,16245710600.0,14989615800.0,0.07,0.06,3743.0,2099
2022,Cameroon,8496961520.0,7669076480.0,0.04,0.03,3438.0,2257
2022,"Congo, Rep.",4101571790.0,13511598450.0,0.02,0.06,3191.0,1384
2022,Cook Islands,180743320.0,27383620.0,0.0,0.0,2282.0,277
2022,Colombia,69200271400.0,63861034400.0,0.3,0.26,4221.0,3584
2022,Comoros,353167790.0,68970020.0,0.0,0.0,2057.0,381
2022,Cape Verde,917996240.0,95592710.0,0.0,0.0,2992.0,816
2022,Costa Rica,19706341300.0,24763049110.0,0.09,0.1,3919.0,2843
2022,Cuba,3894967660.0,1925937320.0,0.02,0.01,3156.0,757
2022,Curaçao,1379100280.0,393287820.0,0.01,0.0,2788.0,2393
2022,Christmas Island,50225100.0,17053410.0,0.0,0.0,772.0,358
2022,Cayman Islands,4637076050.0,2375811560.0,0.02,0.01,2669.0,816
2022,Cyprus,15807727140.0,3541338470.0,0.07,0.01,4363.0,3915
2022,Czech Republic,196747313700.0,204206555500.0,0.85,0.84,4515.0,4497
2022,Germany,1458804579000.0,1523055333000.0,6.32,6.25,4554.0,4585
2022,Djibouti,8843808480.0,615424890.0,0.04,0.0,3285.0,719
2022,Dominica,384587080.0,26141780.0,0.0,0.0,1840.0,811
2022,Denmark,118048349400.0,114805168300.0,0.51,0.47,4502.0,4461
2022,Dominican Republic,28652604420.0,12825351460.0,0.12,0.05,3981.0,2542
2022,Algeria,34811992420.0,65127876980.0,0.15,0.27,3802.0,1955
2022,East Asia & Pacific,6140732137000.0,7969564450000.0,26.58,32.69,0.0,4619
2022,Europe & Central Asia,8499379211000.0,8485752723000.0,36.79,34.81,0.0,4636
2022,Ecuador,27656949510.0,33703927689.999996,0.12,0.14,3990.0,2504
2022,"Egypt, Arab Rep.",79983635250.0,44683169750.0,0.35,0.18,4216.0,3604
2022,Eritrea,444120800.0,854214870.0,0.0,0.0,1741.0,376
2022,Western Sahara,155492890.0,449660.0,0.0,0.0,124.0,72
2022,Spain,423833211100.0,385745774900.0,1.83,1.58,4541.0,4558
2022,Estonia,24393978830.0,20884821440.0,0.11,0.09,4410.0,4324
2022,Ethiopia(excludes Eritrea),11986132070.0,3869901760.0,0.05,0.02,3601.0,1888
2022,Finland,81088996020.0,86897517590.0,0.35,0.36,4469.0,4378
2022,Fiji,2712917700.0,805466430.0,0.01,0.0,3345.0,1481
2022,Falkland Island,111085560.0,403491850.0,0.0,0.0,1193.0,205
2022,France,747525688500.0,619030508600.0,3.24,2.54,4556.0,4584
2022,Free Zones,3824331040.0,5722760580.0,0.02,0.02,2045.0,2671
2022,Faeroe Islands,1403319270.0,1575535770.0,0.01,0.01,3010.0,1075
2022,"Micronesia, Fed. Sts.",157183910.0,211410240.0,0.0,0.0,1324.0,201
2022,Gabon,2701688910.0,9068764250.0,0.01,0.04,3122.0,1136
2022,United Kingdom,703334826500.0,458374714900.0,3.04,1.88,4558.0,4583
2022,Georgia,12114912680.0,4638440980.0,0.05,0.02,3936.0,2280
2022,Ghana,19918806460.0,20913411250.0,0.09,0.09,3913.0,2386
2022,Gibraltar,12562044260.0,434300310.0,0.05,0.0,2858.0,800
2022,Guinea,6197391670.0,11217351440.0,0.03,0.05,3246.0,1070
2022,"Gambia, The",1453888910.0,184461730.0,0.01,0.0,2526.0,595
2022,Guinea-Bissau,406633720.0,225967120.0,0.0,0.0,2135.0,174
2022,Equatorial Guinea,1093668760.0,8070328010.0,0.0,0.03,2543.0,602
2022,Greece,74298787490.0,48012434480.0,0.32,0.2,4484.0,4383
2022,Grenada,397270280.0,42880290.0,0.0,0.0,2145.0,605
2022,Greenland,1062836800.0,1524776890.0,0.0,0.01,2860.0,747
2022,Guatemala,25865472530.0,15224663670.0,0.11,0.06,3906.0,2930
2022,Guam,1283827220.0,29943740.0,0.01,0.0,1815.0,544
2022,Guyana,3527933100.0,10990355700.0,0.02,0.05,3029.0,1007
2022,"Hong Kong, China",660362368300.0,88355246770.0,2.86,0.36,4447.0,4266
2022,Heard Island and McDonald Isla,4768790.0,1934010.0,0.0,0.0,60.0,35
2022,Honduras,17292007280.0,12899364350.0,0.07,0.05,3735.0,2452
2022,Croatia,41001491940.0,22172174630.0,0.18,0.09,4438.0,4327
2022,Haiti,4183353860.0,1305158150.0,0.02,0.01,2731.0,991
2022,Hungary,142612383400.0,141892789500.0,0.62,0.58,4499.0,4441
2022,Indonesia,229995300300.0,342264419700.0,1.0,1.4,4392.0,4205
2022,India,509246025100.0,423538859300.0,2.2,1.74,4436.0,4536
2022,British Indian Ocean Ter.,37717740.0,6177510.0,0.0,0.0,421.0,224
2022,Ireland,113767224000.0,253303204400.0,0.49,1.04,4480.0,4381
2022,"Iran, Islamic Rep.",34288319560.000004,16506863790.0,0.15,0.07,3893.0,3221
2022,Iraq,74527411580.0,133975861700.0,0.32,0.55,4082.0,1574
2022,Iceland,8209973780.0,7158921260.0,0.04,0.03,3777.0,2267
2022,Israel,99431255480.0,83845515690.0,0.43,0.34,4351.0,3881
2022,Italy,591361719100.0,625460346300.0,2.56,2.57,4548.0,4580
2022,Jamaica,6642921890.0,832942020.0,0.03,0.0,3262.0,1702
2022,Jordan,25645493260.0,11712560540.0,0.11,0.05,4058.0,2532
2022,Japan,684555233300.0,848098346300.0,2.96,3.48,4515.0,4515
2022,Kazakhstan,39688182510.0,78597514160.0,0.17,0.32,4067.0,2824
2022,Kenya,24211074390.0,7817169910.0,0.1,0.03,4053.0,3396
2022,Kyrgyz Republic,21507090870.0,1338410760.0,0.09,0.01,3549.0,1888
2022,Cambodia,42641023840.0,36908126070.0,0.18,0.15,3895.0,2177
2022,Kiribati,200246800.0,126901210.0,0.0,0.0,1608.0,185
2022,St. Kitts and Nevis,358058980.0,54440690.0,0.0,0.0,1949.0,757
2022,"Korea, Rep.",570645710000.0,786597154300.0,2.47,3.23,4493.0,4394
2022,Kuwait,37182895790.0,98786912180.0,0.16,0.41,4053.0,2191
2022,Lao PDR,8322788550.0,10187195900.0,0.04,0.04,3459.0,1456
2022,Lebanon,17425807570.0,3533047280.0,0.08,0.01,3936.0,3103
2022,Liberia,23574770770.0,2112872319.9999998,0.1,0.01,3105.0,622
2022,Libya,19706709940.0,40060100900.0,0.09,0.16,3494.0,778
2022,St. Lucia,1284918640.0,67877220.0,0.01,0.0,2252.0,1183
2022,Latin America & Caribbean,1370632702000.0,1523397221000.0,5.93,6.25,0.0,4568
2022,Sri Lanka,17790572680.0,14250441670.0,0.08,0.06,4003.0,3129
2022,Lesotho,1637721650.0,1174718920.0,0.01,0.0,3621.0,892
2022,Lithuania,42595182020.0,40057192270.0,0.18,0.16,4464.0,4402
2022,Luxembourg,31750574580.0,20149578870.0,0.14,0.08,4428.0,4278
2022,Latvia,25895183960.0,19969244230.0,0.11,0.08,4419.0,4318
2022,Macao,14971000300.0,1853349450.0,0.06,0.01,3142.0,1727
2022,Morocco,57020581880.0,43855134660.0,0.25,0.18,4229.0,3372
2022,Moldova,7056775660.0,4053202210.0,0.03,0.02,3888.0,2249
2022,Madagascar,4761164780.0,4800481640.0,0.02,0.02,3426.0,1652
2022,Maldives,4248484790.0,795278900.0,0.02,0.0,3603.0,876
2022,Middle East & North Africa,1072465922000.0,1554021158000.0,4.64,6.37,0.0,4574
2022,Mexico,538921306299.99994,610220073300.0,2.33,2.5,4468.0,4305
2022,Marshall Islands,16614478820.0,1579376790.0,0.07,0.01,2430.0,595
2022,North Macedonia,11540122430.0,10067102200.0,0.05,0.04,3894.0,2645
2022,Mali,6345792800.0,7605758310.0,0.03,0.03,3087.0,1302
2022,Malta,18608775840.0,5357724510.0,0.08,0.02,4327.0,3590
2022,Myanmar,29274248900.0,28166131000.0,0.13,0.12,3975.0,2116
2022,Mongolia,5141976860.0,10622162190.0,0.02,0.04,3317.0,1095
2022,Northern Mariana Islands,154449990.0,2976200.0,0.0,0.0,937.0,159
2022,Montenegro,4202686700.0,2108241830.0,0.02,0.01,3641.0,1648
2022,Mozambique,17992252350.0,11285709690.0,0.08,0.05,3910.0,1607
2022,Mauritania,4350314820.0,4389164420.0,0.02,0.02,3092.0,1000
2022,Montserrat,22085240.0,7249650.0,0.0,0.0,711.0,269
2022,Mauritius,5374822100.0,2746589610.0,0.02,0.01,3828.0,2817
2022,Malawi,1702283700.0,987641180.0,0.01,0.0,3234.0,1065
2022,Malaysia,300136336500.0,463166294700.0,1.3,1.9,4432.0,4315
2022,North America,3681405351000.0,2660290997000.0,15.94,10.91,0.0,4639
2022,Namibia,6573226030.0,4959456780.0,0.03,0.02,4013.0,2697
2022,New Caledonia,2788457810.0,3041101310.0,0.01,0.01,3231.0,1059
2022,Niger,2233802030.0,2999848560.0,0.01,0.01,2695.0,1267
2022,Norfolk Island,33191420.0,2014160.0,0.0,0.0,884.0,197
2022,Nigeria,64001155810.0,68757338750.0,0.28,0.28,4055.0,3180
2022,Nicaragua,8028011690.0,9391671620.0,0.03,0.04,3338.0,1839
2022,Niue,41943760.0,4691140.0,0.0,0.0,1064.0,291
2022,Netherlands,791530491200.0,620084182600.0,3.43,2.54,4528.0,4568
2022,Norway,95333775590.0,209621133100.0,0.41,0.86,4438.0,4092
2022,Nepal,11744297250.0,1331125890.0,0.05,0.01,3995.0,1752
2022,Nauru,80958090.0,223471550.0,0.0,0.0,1439.0,518
2022,New Zealand,49475393330.0,48408914130.0,0.21,0.2,4293.0,3773
2022,"Other Asia, nes",377379198300.0,743263014900.0,1.63,3.05,4416.0,4336
2022,Oman,33972431270.000004,84398761900.0,0.15,0.35,4125.0,2586
2022,Pakistan,63537444090.0,35861746950.0,0.28,0.15,4144.0,3545
2022,Panama,64083580620.0,7629093320.0,0.28,0.03,3950.0,3153
2022,Pitcairn,3857530.0,4598330.0,0.0,0.0,137.0,217
2022,Peru,52687443860.0,71011987830.0,0.23,0.29,4142.0,3485
2022,Philippines,172947496900.0,124622314200.0,0.75,0.51,4339.0,3409
2022,Palau,182861550.0,8275120.000000001,0.0,0.0,1376.0,131
2022,Papua New Guinea,5582287640.0,16864661989.999998,0.02,0.07,3294.0,870
2022,Poland,358935473100.0,311525165100.0,1.55,1.28,4534.0,4540
2022,"Korea, Dem. Rep.",1263427420.0,350275000.0,0.01,0.0,1350.0,1140
2022,Portugal,105362097100.0,81379675350.0,0.46,0.33,4515.0,4536
2022,Paraguay,11465285080.0,9734039420.0,0.05,0.04,3653.0,1529
2022,Occ.Pal.Terr,1954893380.0,159908260.0,0.01,0.0,2188.0,452
2022,French Polynesia,1742479620.0,167509710.0,0.01,0.0,3144.0,967
2022,Qatar,40872030550.0,136575112000.0,0.18,0.56,4170.0,3046
2022,Romania,118381910600.0,97684572830.0,0.51,0.4,4514.0,4437
2022,Russian Federation,198299227800.0,576507468200.0,0.86,2.36,4445.0,4361
2022,Rwanda,2186956600.0,1088910710.0,0.01,0.0,3158.0,1151
2022,South Asia,701602749800.0,543297735100.0,3.04,2.23,0.0,4558
2022,Saudi Arabia,171636283900.0,395892166900.0,0.74,1.62,4382.0,3581
2022,Senegal,15641328480.0,4671070200.0,0.07,0.02,3760.0,2192
2022,"Serbia, FR(Serbia/Montenegro)",35077880270.0,29209322980.0,0.15,0.12,4308.0,3806
2022,Singapore,402659647200.0,325380491300.0,1.74,1.33,4449.0,4271
2022,South Georgia and the South Sa,1750890.0,3196010.0,0.0,0.0,68.0,71
2022,Saint Helena,45304630.0,40781640.0,0.0,0.0,1178.0,351
2022,Solomon Islands,540520000.0,570991030.0,0.0,0.0,2118.0,410
2022,Sierra Leone,1786160560.0,1339347030.0,0.01,0.01,2801.0,1397
2022,El Salvador,13261532390.0,6474218010.0,0.06,0.03,3690.0,2290
2022,San Marino,437037890.0,221165990.0,0.0,0.0,1478.0,1243
2022,Somalia,5763696190.0,601335530.0,0.03,0.0,2922.0,548
2022,Special Categories,33887647320.0,49941077720.0,0.15,0.2,2298.0,2309
2022,Saint Pierre and Miquelon,68008090.0,8357540.000000001,0.0,0.0,1685.0,178
2022,South Sudan,1580242260.0,562049370.0,0.01,0.0,2501.0,525
2022,Sub-Saharan Africa,479636647300.0,517504292300.0,2.08,2.12,0.0,4573
2022,Sao Tome and Principe,190368170.0,22565620.0,0.0,0.0,2213.0,485
2022,Sudan,9637080090.0,5558705530.0,0.04,0.02,3385.0,883
2022,Suriname,1735608750.0,2584907220.0,0.01,0.01,2858.0,1200
2022,Slovak Republic,94515524300.0,106720409500.0,0.41,0.44,4472.0,4389
2022,Slovenia,65715416530.0,54224730940.0,0.28,0.22,4463.0,4384
2022,Sweden,179520370200.0,189177390000.0,0.78,0.78,4505.0,4465
2022,Eswatini,2057556120.0,2152109160.0,0.01,0.01,3862.0,2135
2022,Saint Maarten (Dutch part),903655120.0,104356390.0,0.0,0.0,2256.0,1108
2022,Seychelles,926266550.0,697177000.0,0.0,0.0,3078.0,966
2022,Syrian Arab Republic,5067044980.0,766413650.0,0.02,0.0,3145.0,1727
2022,Turks and Caicos Isl.,682153300.0,60713160.0,0.0,0.0,2037.0,806
2022,Chad,1129087910.0,4775371490.0,0.0,0.02,2207.0,538
2022,Togo,19796434520.0,4630400920.0,0.09,0.02,3206.0,2354
2022,Thailand,260617460900.0,346114678400.0,1.13,1.42,4468.0,4324
2022,Tajikistan,4716219640.0,2001339130.0,0.02,0.01,3079.0,766
2022,Tokelau,9576320.0,346210350.0,0.0,0.0,505.0,762
2022,Turkmenistan,4943592110.0,14263499220.0,0.02,0.06,3224.0,787
2022,East Timor,966947030.0,414794540.0,0.0,0.0,2607.0,402
2022,Tonga,257667110.0,13785560.0,0.0,0.0,1957.0,329
2022,Trinidad and Tobago,7324225200.0,19887670430.0,0.03,0.08,3445.0,2639
2022,Tunisia,22420559310.0,19769091430.0,0.1,0.08,4013.0,3136
2022,Turkey,255638184600.0,237129003900.0,1.11,0.97,4455.0,4490
2022,Tuvalu,152676250.0,79768980.0,0.0,0.0,1146.0,188
2022,Tanzania,20939400500.0,9402162910.0,0.09,0.04,3883.0,2706
2022,Uganda,4972062930.0,4118761790.0,0.02,0.02,3564.0,2311
2022,Ukraine,44007278160.0,51161660830.0,0.19,0.21,4242.0,3766
2022,United States Minor Outlying I,132784769.99999999,19174410.0,0.0,0.0,611.0,635
2022,Unspecified,652530983000.0,320676334900.0,2.82,1.32,3982.0,4519
2022,Uruguay,15063819780.0,14754329540.0,0.07,0.06,3877.0,2158
2022,United States,3126142606000.0,2025180359000.0,13.53,8.31,4575.0,4637
2022,Uzbekistan,22040854310.0,12678623240.0,0.1,0.05,3944.0,2646
2022,Holy See,77165860.0,7760470.0,0.0,0.0,222.0,278
2022,St. Vincent and the Grenadines,373806590.0,144328340.0,0.0,0.0,2097.0,643
2022,Venezuela,10025391500.0,4962882460.0,0.04,0.02,3538.0,1505
2022,British Virgin Islands,1178023770.0,218061190.0,0.01,0.0,1997.0,784
2022,Vietnam,366131323700.0,470191969000.0,1.59,1.93,4427.0,4094
2022,Vanuatu,432858150.0,227341900.0,0.0,0.0,2367.0,816
2022, World,23099669913000.0,24380475006000.0,100.0,100.0,4617.0,4652
2022,Wallis and Futura Isl.,58602620.0,1192650.0,0.0,0.0,1147.0,128
2022,Samoa,511589010.0,55170910.0,0.0,0.0,2277.0,444
2022,Yemen,11030534610.0,1886568380.0,0.05,0.01,3268.0,875
2022,South Africa,106835768100.0,165790749500.0,0.46,0.68,4422.0,4518
2022,"Congo, Dem. Rep.",13932415210.0,24087966400.0,0.06,0.1,3957.0,1725
2022,Zambia,6031291800.0,11152077940.0,0.03,0.05,3818.0,2489
2022,Zimbabwe,6115727970.0,5657444580.0,0.03,0.02,3817.0,1639
