country_a,country_b,year,total_export_of_A_to_B,total_import_of_A_from_B,trade_volume,bec_1_export_A_to_B,bec_2_export_A_to_B,bec_3_export_A_to_B,bec_4_export_A_to_B,bec_5_export_A_to_B,bec_6_export_A_to_B,bec_7_export_A_to_B,bec_8_export_A_to_B,bec_1_import_A_from_B,bec_2_import_A_from_B,bec_3_import_A_from_B,bec_4_import_A_from_B,bec_5_import_A_from_B,bec_6_import_A_from_B,bec_7_import_A_from_B,bec_8_import_A_from_B,scenario
AUS,CHE,2026,757690421.9325222,2148013433.7212224,2905703855.6537447,48430932.85250097,41073852.53916145,67913350.58023337,151309736.28248617,54423279.92969711,9864183.042578124,382215497.8330666,2459588.8727984205,22703668.60654487,13363965.442967638,45594928.98992101,1767910829.4404552,26506128.16833111,6815204.996237862,263919534.50000715,1199173.576757719,forecast
AUS,CHN,2026,114347406393.62369,75382399448.6327,189729805842.2564,5978184751.703876,43678247403.00666,28008361273.010315,12063091416.28914,13855892628.065138,8729978360.27951,2015224632.1461148,18425929.12292032,3625520760.8946915,31707091448.043125,17429731039.30918,11598115448.543121,5263630687.178604,3349667233.7511787,2261750107.3336577,146892723.5791425,forecast
AUS,DEU,2026,1040454188.4025068,10338367543.70251,11378821732.105019,95777167.20843239,174906142.48481372,136981620.41303822,13817482.221569106,377764846.12057126,28508839.132389992,209338279.56709754,3359811.2545944075,1255717364.9919713,3275857485.4835343,1273835035.1706686,164952863.7034954,2398376293.8763304,239097825.62876078,1708164890.7295187,22365784.11823106,forecast
AUS,FRA,2026,1455803979.2251458,3107188129.482658,4562992108.707804,229522769.03226084,393367429.5469041,105029464.9223295,23219324.575412665,383038003.75841266,28404536.462633546,291137368.2907956,2085082.6363969408,945258914.7831004,850193585.3226072,176508637.13829687,175875775.19030213,525094084.3572741,32405716.383732595,398248323.4110302,3603092.8963139285,forecast
AUS,HKG,2026,6708231973.708918,2251902899.390578,8960134873.099495,256768909.33084854,2948529.6711264383,324019252.6549791,5697399286.550937,32452381.89933278,258543926.05516258,132320194.73484108,3779492.81169017,92261474.64903551,18567035.93469698,39877766.76644122,1844579747.682049,16912956.323993716,157019577.72877863,78616231.82629077,4068108.4792917566,forecast
AUS,IDN,2026,13502011210.176989,2583720569.0583515,16085731779.23534,4248329679.9595757,4788869813.421039,2027349310.2292552,1602438365.1629102,430912245.5856641,236574383.12662664,160980379.9737937,6557032.718121784,745923497.0648998,1058293597.4032888,242596517.86062056,331366116.19993514,87481002.49271417,30642374.64974874,28660708.107364275,58756755.27977981,forecast
AUS,IND,2026,17395428168.89298,14223940171.801836,31619368340.694817,1587598261.6091185,9734992594.72432,1104496077.9455094,3949409867.5596843,524822186.10014987,108077434.87542962,385856096.3415604,175649.73720544783,540123245.5209848,10907240704.015396,479692037.64181066,1696622662.524984,260022796.36354348,184504492.31732288,152292448.88474455,3441784.533047916,forecast
AUS,JPN,2026,47016906890.791885,13421698406.466217,60438605297.2581,3021440640.706043,26116882850.781834,1888138941.0742342,39628771.83531741,14159356619.365202,365155931.9558347,1426229484.962895,73650.1105304273,785225048.2973945,10537023731.129019,267991202.2711269,28138628.70899159,1684533329.2515876,22891179.694561683,42165963.28471578,53729323.82882166,forecast
AUS,KOR,2026,20943167469.00738,29130994057.9935,50074161527.000885,1515533886.3109226,14713378604.923662,1056096005.8352643,1104591213.5122404,2129725645.5431337,68740677.38788977,355045969.07461673,55466.41965029608,2026052233.0442653,21365128408.598618,1091842833.4442854,910685631.2062925,3162630435.092901,85635973.17288391,488623209.2038633,395334.2303917148,forecast
AUS,MYS,2026,7351998585.217269,13382715940.429758,20734714525.647026,379186302.93216497,5538617034.556696,781016978.5770916,164839353.67943308,125386423.98700063,147886221.3975499,215046047.25219062,20222.835143297183,1104304351.2749162,8058514960.916151,2522363309.4360056,670987637.6456001,369141244.86576253,337470131.15075266,315801336.89421046,4132968.246361607,forecast
AUS,NLD,2026,7349369256.5184765,4005557859.2638674,11354927115.782345,686590085.331537,4740325939.982219,304104939.15856624,56501198.945695035,1025018875.8557241,149851945.88573903,350373379.9173856,36602891.44161005,485026636.1088462,857395932.4062347,1015719368.7146878,84506192.70884506,398324391.96077836,251033852.72613063,905371901.293859,8179583.344485593,forecast
AUS,PHL,2026,9562199781.555094,1216417748.3220925,10778617529.877186,5912151847.073365,753807579.7984781,1035402037.5490162,826004335.0958283,297040673.530452,250142847.777983,484873748.82368016,2776711.906290642,137831644.12416354,1037249100.2352138,11534131.90612311,8332773.588753952,3040616.7955485377,3743980.6916681854,4693094.8265809845,9992406.154040271,forecast
AUS,SGP,2026,13234569178.30915,37077846580.39977,50312415758.70892,811969373.5584038,8619686123.294325,388347060.5217712,1810819890.664343,451798678.47944,517045924.5946964,634576869.4938991,325257.7022742948,1464977459.248563,20467221492.975407,1086169399.510763,2960292372.8693523,1722267148.3473742,725800901.1781334,884802650.3025409,7766315155.967641,forecast
AUS,THA,2026,8179169980.002598,9742041668.503866,17921211648.506462,1260021661.1758888,1139552714.9452956,941437590.2981946,79452435.116458,4328426242.410508,148932195.95836836,281316240.6319953,30899.465889436586,1301016506.7759306,3482136235.570841,899850977.1089004,47103959.44161217,3514781993.559263,311326407.17074263,185530956.64106247,294632.2355154553,forecast
AUS,USA,2026,10246282755.202642,30845683177.80294,41091965933.005585,1800288954.9259336,1174994202.0016286,1421924570.0733724,192081926.67853993,2863575875.340885,587022152.5976781,2175117611.3132076,31277462.271396913,3681682954.573186,3292194696.99092,3408296063.041539,1035390433.1298776,7995526323.922539,2167954851.1794615,6050080335.356892,3214557519.6085267,forecast
AUS,VNM,2026,9949443706.271894,2353246111253983.5,2353256060697690.0,1908162665.8043828,2465570880.8809495,728528308.9186476,1961402716.4693263,419651702.6132784,2357266953.9264483,108666972.1846365,193505.47422391459,584765037.0736659,1969748357.976983,761674431.2187543,557659210.9913669,278280455.9493743,138924990.87429932,79641054.38736008,2353241740560445.0,forecast
CHE,CHN,2026,211164203443.7465,4420850022.52105,215585053466.26755,1037815402.5823029,2978679847.2042017,4955340398.9219055,183721158044.96005,2336582569.9511003,6627408412.134059,9495090244.997421,12128522.995456584,28719284.50138697,127849787.24906774,137863603.49802953,3670214931.239393,35939535.20100659,83347693.40069462,333474194.8784082,3440992.553063496,forecast
CHE,DEU,2026,38602042232.37094,52146309460.78721,90748351693.15814,2237382981.0328264,6024982016.624046,11065366192.957,3254814600.5761795,5335631251.54859,1474428407.3685946,9080896050.542131,128540731.72157307,3136212770.6812153,8087824874.336842,14962532039.818436,3981567508.511434,7126850721.798603,2289854553.356825,11528355000.082853,1033111992.2009969,forecast
CHE,FRA,2026,14423092644.312813,19337923246.27259,33761015890.585403,1008490907.0462344,4578207960.247368,1585941353.9881353,2668211916.143811,1563472856.9774907,252428266.92983723,2639490571.8935,126848811.0864353,1656888923.4067128,3435932556.759316,2474116531.967429,4254673744.3227625,2950319991.5365148,435239392.38632774,4100196596.257087,30555509.636438537,forecast
CHE,HKG,2026,31609801230.24399,1404028987.3939629,33013830217.637955,248283286.24782363,126651473.22729298,539743187.3170643,20254377099.723995,299816627.0288707,550631372.8116813,9534000614.877937,56297569.009331726,4727920.9395397445,1010461.3917729163,11811361.41975999,1024715560.4590188,24972606.31701838,14851396.04787018,321874552.4822535,65128.33672938253,forecast
CHE,IDN,2026,189827277.8344904,2627936629.608957,2817763907.443447,8410953.970430814,5348579.328594773,19327425.432871196,113640934.17428322,12385751.33697548,983398.9474228739,29334541.563178744,395693.08073328924,66698680.89912399,110778583.48876446,73729345.50756283,1991684564.6136928,18178187.970137592,98752741.13104212,267821990.60500258,292535.39363121777,forecast
CHE,IND,2026,4591892017.3279705,961093029.4308203,5552985046.758791,176852377.36499912,1020455231.0826758,752222868.9249728,1505637999.0874999,204161982.90301913,258899429.72637558,660739853.559561,12922274.678867754,6300469.427800274,65403581.40360383,37470134.39943759,770559848.9760569,2486922.6000062022,2175015.1261854907,76042550.8416316,654506.6560982653,forecast
CHE,JPN,2026,7547887532.832019,4740458159.818479,12288345692.650497,96224676.33756937,367694436.2607443,372968657.67459273,2463712762.8154206,371799961.74497193,124693822.21295659,3745753029.3819714,5040186.403792205,99891185.80494013,284214595.7475011,208092939.4046399,2186141429.2493043,488527872.4060399,51665292.96313582,1271291394.0090103,150633450.23390713,forecast
CHE,KOR,2026,3169113961.7927046,1160773032.641783,4329886994.434487,89720232.22585277,180679300.5322181,166941271.24303034,274270833.7714474,197832595.03971767,60661398.35675595,2191753451.362659,7254879.261023732,81868837.68875207,128431479.74601448,116434764.85540994,132037224.30121902,129441881.92810822,38407095.18797177,533429360.4419137,722388.4923938259,forecast
CHE,MYS,2026,834545940.2891768,597515031.4928982,1432060971.782075,21212754.75431757,25954803.942682955,158369764.43654245,278986036.7356375,23879286.3130144,90678089.54757184,229570612.8830626,5894591.676347616,12485017.171290122,22588901.37071546,150404727.77521756,226992097.14199865,12486578.123120552,17929965.162356254,154337352.8263433,290391.92185638356,forecast
CHE,NLD,2026,6058523371.601855,10142411567.812685,16200934939.41454,534892918.92304254,1016294356.5762483,892342627.7735461,154621256.92803037,508076333.68570316,515036582.31154835,2424963219.4068027,12296075.99693403,1101380587.2420297,1610206648.8751655,1357233125.4546912,353763542.4074749,948749597.7656549,913172285.3163382,3777596228.124015,80309552.62731765,forecast
CHE,PHL,2026,367761711.9566427,385665167.0213152,753426878.977958,1695828.8685879137,307179.6226006503,2977202.6985735395,333045255.69115025,382025.07845239097,2611375.075023496,26717852.613474865,24992.30877959185,49830118.81202818,24711909.409842007,24840853.846128948,174295205.12261727,1911944.9983811283,18993440.105310723,59652595.01614758,31429099.71085942,forecast
CHE,SGP,2026,6034328789.597288,5405983232.691361,11440312022.28865,35797955.568374425,1163750028.4795227,183376348.7142426,1775566312.899396,62591130.236083046,97810787.47840811,2683314560.1488457,32121666.072415054,39958061.62358481,154190646.42731214,193156237.7615437,2566163129.9926267,118667110.75817388,87771663.35395625,2229789213.479808,16287169.294356694,forecast
CHE,THA,2026,2901796404.059624,3943497422.584448,6845293826.644072,87336456.9792418,128371440.21321528,405524701.7113251,806776588.6701361,327738978.7442427,316473604.25673836,809023865.3539834,20550768.130741723,16056954.815207005,9180670.322017582,39966452.442794584,3525924940.873487,45360575.53656989,8544089.6882875,262301779.93899423,36161958.96708978,forecast
CHE,USA,2026,37781648725.9492,31072861798.54999,68854510524.49919,1143645935.8605762,3042417831.760482,2599053141.3594584,5675168242.3607855,2016065586.2035348,726376014.4530898,22537453460.22049,41468513.73078685,1041744311.9932787,5271129262.265146,2201795513.809868,8597399981.687613,847892312.7284822,522697126.85220313,9869598724.990114,2720604564.2232842,forecast
CHE,VNM,2026,250851968.22046882,51938898.36593322,302790866.58640206,26760668.044742938,5974930.041221924,46833338.92401917,19048456.231291357,18710403.847760506,101352261.58808318,31995226.11106659,176683.4322831715,6002380.535691572,4661124.99452264,4841216.684450874,20424107.144483354,2700568.286334036,1119717.6672624252,10938784.37960466,1250998.6735836463,forecast
CHN,DEU,2026,74341453231.72063,68674755302.49084,143016208534.21146,2110468940.9983366,7495846177.931119,20290314813.068256,2930369853.008636,21834046409.534336,9608093260.059616,9977172379.652021,95141397.46830547,1310707322.7692273,7477806507.266725,17656609011.716446,2563166412.7480946,15233173529.263384,17980537698.48663,4776956927.8271885,1675797892.4131489,forecast
CHN,FRA,2026,28767497079.882896,28282774667.23559,57050271747.118484,2225635225.215421,1682665236.4348245,6870787198.551944,2520485927.213591,9475466172.925985,1785489286.8643181,3749294441.7157736,457673590.96103656,1423237165.4672067,2861096261.3161283,7315716747.574736,1814705069.0997756,8852404069.464193,3190422730.251188,2799961878.8972225,25230745.16514082,forecast
CHN,HKG,2026,229617147870.71494,263554259699.7473,493171407570.4623,9003908902.92252,11595198557.543964,21634644184.019302,31815152460.36191,15274558830.648483,133656600594.08955,5466815492.207109,1170268848.9220707,5458846043.12331,5953977662.877042,20456605440.36031,58506380151.13834,10396445482.126839,154879859546.1371,7142677818.992096,759467554.992271,forecast
CHN,IDN,2026,82356690360.11111,82217159503.19821,164573849863.30933,7170512197.6945305,31387891635.124283,15520147014.619944,2939814708.5013547,17595906957.477013,6528186563.312985,1158522060.6951716,55709222.68582158,8196502226.896424,31767445041.749847,13981262338.055984,2655606851.3535547,18339332350.233105,5558417094.162171,1163979996.7381706,554613604.0089613,forecast
CHN,IND,2026,129962621700.03041,6697964645.853735,136660586345.88414,7667182258.386492,21029156151.114243,28160355765.99588,12202017778.000368,11079024414.857426,44348829674.63025,5399109805.169782,76945851.8759767,255405574.4659919,1001041856.9921862,1160454596.225698,394310652.92433417,556078222.5630074,3117096320.8963113,211918567.77686852,1658854.0093371898,forecast
CHN,JPN,2026,109857855072.52812,73709785887.67645,183567640960.2046,4686234032.455689,16353723674.862276,29080266728.548714,7679630519.7221575,13132481173.42159,29996709192.920486,8360003572.158398,568806178.4388018,3275146386.8165493,10811245528.565512,21598302939.341114,5893180459.470807,7454644798.109139,20418562604.375767,3677652289.719199,581050881.2783682,forecast
CHN,KOR,2026,128620473540.469,82884065617.04816,211504539157.51715,4159570755.0866413,31710893989.693703,24280848744.301888,5653537376.216235,19749575773.42595,38861880056.13031,2532168326.3226395,1671998519.2916198,2592308863.0773897,22565867724.98672,16623459755.212637,2830287641.4514327,12232949599.024563,23924276191.756203,2102032604.5057087,12883237.033514777,forecast
CHN,MYS,2026,89348820995.03268,29027648895.152573,118376469890.18526,3355909156.077334,46428294451.33219,15004440071.856258,4800623414.638576,4746446655.660971,10888526231.609459,2849201283.3894014,1275379730.4685028,1392977605.629316,7775791980.79654,7502093781.587475,449755021.6885343,1812607609.8354797,9187656025.032434,810720037.7769803,96046832.8058123,forecast
CHN,NLD,2026,89730166229.24968,22395011410.29364,112125177639.54332,3319519371.005038,7638924526.96641,14951112887.383158,2356543837.6749635,9471080515.925577,47606464549.09669,4103032293.5320706,283488247.6657774,1203506337.9168725,2508091860.240846,5009674240.309397,1164605575.1840377,2392070632.8634415,8671781069.04378,1433038824.3744884,12242870.360780122,forecast
CHN,PHL,2026,42654025708.44796,8579935120.085483,51233960828.53344,2343149677.9309626,8445057516.036896,12274817998.319365,3478132873.2311826,8106148418.80104,5378595860.598176,1961238513.1457748,666884850.3845649,517778362.2827837,1950905967.0887268,2353342467.176699,312500080.4415062,1812720643.8659499,1076533294.6560771,428395684.69097584,127758619.88276249,forecast
CHN,SGP,2026,83085376311.88103,83745761623.99046,166831137935.8715,1944443308.7644033,17528300902.13039,22125242025.8636,5616830375.635723,15152689461.88189,14837369756.129946,5314340825.501557,566159655.9735157,1918083721.508216,19951337574.111973,14580047475.833918,6380095856.589374,3912024991.2460065,29463226233.140945,6882092221.600965,658853549.9590629,forecast
CHN,THA,2026,74642086066.42596,24985001519.53176,99627087585.95773,14513533492.90236,8824558004.81477,19892534094.30456,3105800976.9532676,11345573768.07577,13046071622.071936,2476550528.406996,1437463578.8963044,4470531651.033019,3186692758.5813785,7613162584.82637,864126020.1757077,2887332266.938816,5241556333.5456,691174611.6341771,30425292.796690788,forecast
CHN,USA,2026,399498098167.4588,112282467055.16312,511780565222.62195,29638055945.71833,61581285854.44798,103431043801.51436,35565097789.06783,62170976317.68712,58946423292.23376,35656275510.61455,12508939656.17489,12115882261.789738,20614106060.72751,21979898153.851852,5588581692.746608,14215076975.215984,20956123117.9363,14788152857.11776,2024645935.7773805,forecast
CHN,VNM,2026,121639734966.16486,93347784214314.95,93469423949281.12,8141295647.208762,7066256781.013915,19860417291.733192,12833240613.280935,10976675710.133287,53687336847.720764,2217269847.003114,6857242228.070894,11726926959.685562,13228872129.060871,7996320608.228617,7300960826.346788,6314184984.970198,4695453100.785811,875286680.609428,93295646209025.27,forecast
DEU,FRA,2026,106154603141.0558,72537075868.63177,178691679009.68756,9570451657.876411,13375298782.56519,24944598101.682358,4990323258.646164,31771159473.619587,6459132695.123439,12811297266.511395,2232341905.031257,6781573338.926466,10292956165.717499,16055948951.725502,3044913003.102202,23870007823.578407,4130757575.7513456,8065036102.711094,295882907.119266,forecast
DEU,HKG,2026,4186896195.9186516,3704412418.2365813,7891308614.155233,270393176.35754126,278655205.4808465,938266733.5857906,179097027.4047423,1199406663.8921218,513965425.0377948,746463567.7543906,60648396.40542294,91543061.74683514,73966942.70556316,725680171.2956259,102092717.00162153,566733333.8499475,1326929533.7866733,816865196.532715,601461.3175995675,forecast
DEU,IDN,2026,3616390774.250068,11930872564.334557,15547263338.584625,330679582.8799521,657124473.1472864,799275315.9145032,504069601.83894765,477734035.7081044,213860721.3520012,365107612.91108406,268539430.4981895,99955274.35905124,403582454.54417115,346075186.6702574,60062984.61354561,316992918.28493774,107853534.47884247,130434377.74716312,10465915833.636587,forecast
DEU,IND,2026,15911777226.415873,8040408994.844311,23952186221.260185,672004187.5948268,2665883164.0938487,4666375362.50287,1440156656.7974718,3477260701.5402474,1257503608.006836,1644326444.5725963,88267101.30717671,277177090.0628039,1230223303.7595394,2220058565.8794756,443960143.1334041,2602314859.293914,489091471.50166863,769579347.1574641,8004214.05604051,forecast
DEU,JPN,2026,16048677940.570383,13947080180.213575,29995758120.78396,324167911.0569966,2247935848.4554696,2862768973.397187,615477324.4815608,3629672203.508428,2671828134.1073666,3272729327.7572465,424098217.8061279,370014105.6682518,2095819476.4641113,2479794502.7981033,481431929.690289,3990034600.888875,1907458185.040759,1940760401.0381305,681766978.6250532,forecast
DEU,KOR,2026,14369426261.275642,6967833371.330912,21337259632.606552,400975422.331683,2256643732.664593,2517437793.1695466,432541086.5496838,5147648455.330813,1958464340.8919616,1374175369.301574,281540061.0357857,223835798.09297767,851563237.576064,1086393619.037549,76977216.63504615,3206651269.851063,802288337.91155,716397121.8429756,3726770.383686432,forecast
DEU,MYS,2026,6046833849.832426,4987521019.71681,11034354869.549236,250409494.48813236,534529804.34531003,1045579038.2670616,73468625.0225407,759212055.478503,2745943718.9903708,571182580.9188733,66508532.32163436,254494998.73842484,439279420.85264444,688176282.2447611,27152587.449619647,1057911178.4914836,1844334160.3659124,675594654.2482074,577737.3257576891,forecast
DEU,NLD,2026,109642021374.71481,199540207520.2335,309182228894.9483,14338826210.726313,33390293074.461292,16337341820.795938,2693986822.282628,19425089811.3453,6359890897.76563,12299161492.412947,4797431244.924753,30353586942.141903,56382014108.19318,32314986727.502647,7845372871.362619,27404632346.400986,15266576546.788374,23644791037.819366,6328246940.024428,forecast
DEU,PHL,2026,1380173404.3080392,1895692505.0610728,3275865909.369112,66198518.15840646,54432998.413768426,224094373.6351551,14621454.504694786,46894258.44582492,685648174.5736576,134779383.73946702,153504242.83706486,137902842.01734754,135049761.12374857,487923039.08895224,4814131.075169464,139686049.42921484,751238194.1818116,197002860.7382152,42075627.40661332,forecast
DEU,SGP,2026,6705423003.303576,10230392735.249441,16935815738.553017,128316940.53017451,2619352479.2908826,739674848.113518,52924650.178176515,418150108.22533464,870032650.962357,677845226.3540198,1199126099.6491125,284670163.36131465,1136723061.1198478,1517688063.3005672,158421391.7915004,1923443737.3319998,3421625365.3533707,1454021253.1654058,333799699.8254362,forecast
DEU,THA,2026,4640972947.088407,3412730838.8620663,8053703785.950473,248533044.6413483,360303998.90316635,749128398.8965193,256466629.93575817,819671113.1213453,1672591010.4228966,512949683.3812698,21329067.786103357,197018210.90366158,351425976.90473974,807127903.4535336,273856739.85732555,648063551.2784519,664457596.045673,465777276.4360785,5003583.9826020645,forecast
DEU,USA,2026,172590291552.51523,69442113218.20459,242032404770.71982,6578906814.215325,25441819987.394104,28247607076.96509,6269845969.930277,48070758410.71824,9276252265.31663,46928646325.837296,1776454702.1382623,3530606508.761582,11429851079.234467,10551849071.87711,2251885176.068815,19817928295.109695,3502503425.7908635,13274555180.8461,5082934480.515957,forecast
DEU,VNM,2026,3113176175.016868,49480543684386.44,49483656860561.45,202180696.69428903,172171842.7452403,308259056.1254248,827418563.0497073,265508047.08365697,1141378035.515129,167230561.94038022,29029371.863040306,972607436.9137245,300021315.16876626,959049305.3706028,1591166227.0641549,781552033.5315137,365976607.86220604,330979091.51601684,49475242332369.01,forecast
FRA,HKG,2026,4125650263.8481517,2538186311.129483,6663836574.977634,188468010.4431244,55292146.23659499,240237659.33087826,1697317607.5285802,1055568166.7701882,233783750.68025538,653818440.0425149,1164482.8160151055,79134706.92372788,23062333.085108936,157385596.37873742,866321035.8200985,484998808.377733,288387970.1893641,636252575.2312311,2643285.1234820965,forecast
FRA,IDN,2026,2296039658.4237585,362132323.8003735,2658171982.224132,86674384.17495537,77030249.54660252,279959443.6355132,60248732.14457231,1475303425.2613244,176751630.4869194,136126956.77465358,3944836.3992177728,37821896.19450871,37531951.30114898,67572220.22368222,10910727.18417623,107120433.00514545,24465277.74430988,66246283.25656751,10463534.890834527,forecast
FRA,IND,2026,6248835798.309838,7850742729.752903,14099578528.06274,218555665.71328464,2123927749.3860745,574501643.8286711,574092877.8965118,2327223824.0897703,62896473.53191072,366323625.6104414,1313938.2531738032,145855278.34955847,515761971.475219,704663057.3521194,454486650.0015178,5188076722.46012,77561526.29021248,762954696.5937821,1382827.230373025,forecast
FRA,JPN,2026,5965730825.3476305,6555772945.844192,12521503771.191822,816875630.8946563,678551818.6209614,937805736.311248,762262562.5817534,1373042171.4209552,431186058.15157133,963480151.6118681,2526695.7546169055,802874205.60387,431715545.46229166,616202574.1189569,584129774.7626594,2755565779.359812,530854231.40049374,715939234.2571253,118491600.87898271,forecast
FRA,KOR,2026,7034878219.571676,7418770882.353306,14453649101.924982,171991367.55446914,528323183.2595305,291330638.6594817,287026723.3614114,1549183571.9584837,356252487.0137541,3849547224.036184,1223023.728361589,584825326.1928906,422469362.15125877,608162862.4343181,459515865.6085589,3823211622.896404,694226229.9351364,823695884.2949572,2663728.8397822184,forecast
FRA,MYS,2026,3034918090.653011,1945001208.8139088,4979919299.46692,153534331.8270101,331796044.9699545,224799290.58691344,13673669.16809473,1888611443.284065,287063849.67913353,135063986.5475269,375474.5903130342,73076554.22939089,1014600536.4545158,113779573.4880549,39375817.936062,463090677.13030267,105024979.50981434,135177140.91105875,875929.1547093939,forecast
FRA,NLD,2026,23546755636.856277,73652750654.25764,97199506291.11392,3769002858.299943,5140767145.808088,2807985596.635664,1057366799.5959159,3884803597.7635937,3074978073.1735654,3769223104.9281197,42628460.65138652,13332890116.44757,16724708348.12047,11357130177.638718,3697351735.933577,9395163832.692005,4828158311.231142,11372776430.308334,2944571701.885834,forecast
FRA,PHL,2026,3448472082.1896,901000271.9707487,4349472354.160349,135493209.2504639,31328568.99029527,293686133.34276277,24312220.91156875,2633917800.752505,150068957.94277945,177663412.09671322,2001778.9025114647,51070746.322278656,7877551.735104943,33112730.310334418,1901552.8310407351,552283880.993693,184526251.1295343,62966295.86223956,7261262.786523074,forecast
FRA,SGP,2026,9085651008.799036,3204241764.076259,12289892772.875296,979412908.0761656,923270772.5045003,515564779.0112125,1036890283.1533853,2417373158.4460077,1490226841.5050986,1721791729.449676,1120536.652990495,350286417.3938127,286302236.8740785,216288226.76327226,129614175.5510922,1270127241.485899,340328135.155715,604171243.1255752,7124087.726814656,forecast
FRA,THA,2026,1666040684.7897646,1530283239.5574486,3196323924.3472133,223581184.9618156,73453089.3167359,258575186.49890962,193347717.69157246,433925194.9248733,190735529.67919376,290394788.4794193,2027993.2372449033,125040352.48842804,67665557.14061876,197361450.84320426,296541377.5204167,479532510.86870056,77977974.59871595,281735653.165311,4428362.932053357,forecast
FRA,USA,2026,55523438535.860725,80165840670.4942,135689279206.35492,3457960222.1901126,21645978312.17994,5227066882.071549,2408440732.716939,15586344291.567041,1294699839.9996498,5881191444.338419,21756810.79707724,2848743169.803867,37266406891.118935,5934732608.748696,2370555999.6050854,6461044072.894025,2099306936.4655704,16101723907.324535,7083327084.533486,forecast
FRA,VNM,2026,1462129679.8032303,23958784473921.273,23960246603601.08,152943254.9680696,48372135.95066516,244602518.81568065,225688054.96981412,174802928.81184375,479630627.99499565,136033102.87337285,57055.41878852345,217071573.85987842,96747072.76544149,231074364.32176426,512777366.6241539,356932315.7846964,242860712.7476127,291010874.58474743,23956835999640.586,forecast
HKG,IDN,2026,2190677738.1655707,2565365530.795323,4756043268.960894,198379249.1352345,406465522.4163203,160380783.14226466,567077249.1482568,115482339.03630953,692986759.4598557,49440348.98942283,465486.8379061326,198384843.58445215,726829786.7623037,217456090.8957974,981399043.8409624,124503385.94387797,284869449.3120663,31869133.329347264,53797.12651527657,forecast
HKG,IND,2026,83988191813.8228,6326111972.088636,90314303785.91144,72832399.24915306,56060064741.36117,1520500275.193097,4852926902.555493,423112655.69744337,20639189781.385437,418365908.1010626,1199150.2799420808,54445492.774442054,21488315.064153977,77784344.5554344,5865084347.323853,73763414.46142437,21087754.837883126,212410045.8240636,48257.24738181815,forecast
HKG,JPN,2026,6069996877.10542,25723040246.39404,31793037123.49946,232508382.94347838,154742169.8610587,808032991.3090665,2010552566.930052,516184552.51333916,1683786202.7288754,660314740.8191818,3875270.000368824,527937769.3439792,292579394.5362907,1827764107.6660888,9504398044.18726,500200197.8337073,3403386042.927206,1025501486.9913902,8641273202.908117,forecast
HKG,KOR,2026,9570235777.982277,13478337260.704102,23048573038.68638,193950757.77781972,403543570.00307876,321251857.2572635,211794149.0920951,2049831146.9280648,5920451329.447594,458357038.39971924,11055929.076641535,345835897.2656601,829540254.2489458,466540459.5664008,245381684.89299974,601211457.2594346,10292458015.709425,697155605.5148104,213886.24642500168,forecast
HKG,MYS,2026,3490497332.7415333,16044484777.541872,19534982110.283405,63417525.593026444,217099673.51677886,421060512.12330395,171436126.02791685,454896985.79270375,2023271522.656962,137624119.9207792,1690867.110062109,295305858.31898814,469697463.345956,1052698745.2025287,704988314.9689733,4311905983.160092,8733712779.375608,437436514.910206,38739118.25952002,forecast
HKG,NLD,2026,9085496425.303665,2070684688.5763547,11156181113.88002,180564825.2505457,20440669.41217364,603215041.7530941,118360342.05424087,279922230.6917237,5093171212.087086,2783919509.3546686,5902594.700133983,114801408.17079249,14691061.066977987,169725288.8347622,57838558.02933776,105630490.16149236,1434986248.9903748,171620410.08425766,1391223.2383596909,forecast
HKG,PHL,2026,2560240240.8016605,4360182395.923361,6920422636.725021,17563437.16234163,11504186.182765746,245472336.76416376,243142251.86275473,94350131.249558,1863474163.6947043,84389735.09671271,343998.78865938337,49660927.39662656,38608140.84899221,612245291.9633161,231245868.87626117,72154355.29020874,3222459661.981112,103747470.46411413,30060679.102730017,forecast
HKG,SGP,2026,3440632452.818745,44288400780.252625,47729033233.07137,103158656.07978931,218764773.01891345,158691250.06275675,417475741.7291967,259011500.89762715,1947973878.3902452,332940703.9887827,2615948.6514336197,1541108646.3432765,2118236554.4414177,2844432195.161822,3207040888.589828,3041212802.5683603,24518396270.367393,2384164346.293195,4633809076.487326,forecast
HKG,THA,2026,9031850810.196486,7704250626.163283,16736101436.359768,255405775.21750855,194438567.08098322,902929925.7957261,2140912795.5234585,726481048.6494485,4491653152.132127,319655016.0840106,374529.71322316723,222848885.9529916,342476514.0359376,568456869.5225756,4217506976.3649855,636830019.5448607,1486868369.9476085,229066712.85732365,196277.93700043473,forecast
HKG,USA,2026,27390129589.0376,21438105700.26576,48828235289.30336,387673570.4711813,238804107.00568238,2081652709.518519,4022819103.2488146,1368322765.3554008,14072638229.420555,5180937583.374589,37281520.64286108,695095861.3945073,403341937.2921826,1548687708.5445516,6412988907.667151,339463201.94899046,5775528515.214274,5197014287.667322,1065985280.5367783,forecast
HKG,VNM,2026,13376437306.410759,5208565958759552.0,5208579335196858.0,348138849.52516395,48314275.34607032,1127401065.5636802,148801338.3242614,397055777.13792086,11123890008.005648,181805216.55170217,1030775.9563115443,747717915.7305413,893333502.3166047,721202989.6900636,464523370.4295687,507286586.48499817,1327933547.740561,153835172.1374,5208561142926467.0,forecast
IDN,IND,2026,30062829448.45323,7867076184.988997,37929905633.44223,4649199628.43191,14249288230.336224,2168042631.061565,1669740550.0602074,6440243183.563083,254516591.08346808,623210330.0802363,8588303.836536264,1477026282.3606617,3462196479.094485,672466905.6916182,410643968.2638853,1437057409.9278035,109874795.68303348,296672381.13884807,1137962.828661492,forecast
IDN,JPN,2026,22861629852.367424,12827958854.97815,35689588707.34557,1147408823.3014588,8882875228.64828,3541165420.698174,1118664517.7416267,6786412839.706826,485316350.33738303,456359886.0424277,443426785.891252,946358121.8118474,5015274778.295903,2232705826.156238,734160830.4112835,3256817762.0315347,278963197.9230448,230508188.8642803,133170149.48401894,forecast
IDN,KOR,2026,9176602018.953173,8533146297.390219,17709748316.34339,477322609.0757017,4991731645.523132,944976816.2025089,469641182.1394605,1063184907.3434203,795028217.3514487,426450987.0588528,8265654.25864699,727811819.8886473,4637758289.354144,922410079.6014661,585654787.2594706,762555472.7719826,624595472.6532867,270381250.4718334,1979125.3893878784,forecast
IDN,MYS,2026,10102269153.773952,10216404341.240822,20318673495.014774,962143523.4405061,5624513443.137487,1152892001.135473,117875981.65018345,1234670875.280798,632116814.0567985,377570895.7456797,485619.32702581043,1049041308.3171536,5925427285.434112,1494991616.861946,139363490.7130464,652377874.3354006,608682834.3006532,336816494.4866232,9703436.79188457,forecast
IDN,NLD,2026,4177701532.75667,2046783234.1236944,6224484766.880364,838270039.174863,1262255911.5382135,467101343.0352928,901814892.8067074,290686274.51228434,154510204.13991755,249342286.89943323,13720580.649958687,287706673.9994023,393834197.749421,139922740.54837596,318524009.0728945,147251608.32020018,67105878.85633338,683275616.5026184,9162509.074448662,forecast
IDN,PHL,2026,14775306145.639942,1415262301.0427089,16190568446.682652,1617732297.088697,5971876308.073249,451454164.90734327,177775736.7789333,4742097106.602918,1341617862.2411869,432791728.50674736,39960941.44086743,123847788.14033669,854008596.1751685,26734930.419651475,6438961.313074202,326487527.2330553,46113551.96209654,16996476.886702202,14634468.91262396,forecast
IDN,SGP,2026,8854595293.998718,53827498655.31762,62682093949.31634,296590453.2847006,5912359772.279283,856200051.312539,199469421.78358778,243661016.10505122,1071186482.1353139,264499293.55345705,10628803.54478681,2024706009.4597247,26907778710.00081,8563612440.07829,1782323703.2276287,2864984720.5289736,8808282737.541992,1805740346.3846726,1070069988.0955204,forecast
IDN,THA,2026,5720254142.923643,8117500517.389347,13837754660.31299,1340130928.9489944,1666910627.1711373,681798435.3755239,154463707.23474994,1566739591.7300541,160563231.71415782,113743600.17391434,35904020.57511102,1456600413.4595723,2677258602.5474753,1244907937.0936983,247944442.50705585,2029754318.449645,266901919.5158212,190628501.5196133,3504382.296464786,forecast
IDN,USA,2026,18502328221.8991,8213165978.9416065,26715494200.840706,3408938004.491937,4172937634.5331974,2730159464.0257435,3863114401.8936787,2390013969.8489327,892582848.9351965,933427783.2390553,111154114.93135871,1892063180.1727426,1758500067.0186167,1252855068.9718826,1228427442.776145,1015045787.335406,459294420.22231275,465144490.26290774,141835522.1815916,forecast
IDN,VNM,2026,6358662742.733477,66680573184634.25,66686931847376.984,1627541902.34845,2036717958.387738,603592742.8954905,470914458.05606055,1109812067.5159886,304110404.6218583,205694278.25175425,278930.65613657876,1568023164.352385,1160435630.2080457,800546339.5872488,440316461.51353943,529996581.76798177,303902038.5830734,197466833.33462036,66675572497584.91,forecast
IND,JPN,2026,4810326034.052785,18061280814.881985,22871606848.93477,100331377.43492569,1141592728.9155073,1246293706.9858265,214891807.36074045,1375752917.2832086,535196863.7321271,193039998.2212241,3226634.1192246787,581261013.6564399,4492928236.379256,4769008001.886721,1414101376.05224,4727398206.982655,736018879.2403176,753856983.8434813,586708116.8408722,forecast
IND,KOR,2026,8510859675.113225,19055827281.09403,27566686956.207253,104413853.74752903,3597608790.554495,1049371574.3809643,130610997.46891342,1570140505.0213335,1950069888.6661499,107923860.51074024,720204.7630998206,450047202.30008554,7440492600.08707,3859926695.5490503,400973413.9294117,3128547048.148636,3426373413.0187697,348412328.1766297,1054579.8843774118,forecast
IND,MYS,2026,4218893246.3462715,10616970279.011557,14835863525.357828,1156704084.9783463,1214602496.2830985,395806196.8419006,80768787.84432396,169415268.75590214,997808039.6296028,202963656.66236758,824715.3507288389,3933866576.325554,1810888410.273414,1708135269.0860171,321428515.36822265,234749120.84081995,2218878976.918865,380158042.34274,8865367.855925294,forecast
IND,NLD,2026,67452607492.55069,3642189508.319422,71094797000.87012,758265909.2137432,56767846694.652756,1732609826.5978248,946676547.4326156,1586374941.124897,4135858364.7773824,1521540405.7617266,3434802.989745707,328845697.5893167,871002089.8244724,673091115.5804937,213321649.568327,415103190.5673647,503594629.02801216,632970297.7875003,4260838.373934837,forecast
IND,PHL,2026,1974744110.7882292,1210748174.3862107,3185492285.17444,239266660.38386613,310943034.7553532,211665411.91978696,179918326.46228918,329297397.3039624,508916235.08426464,193336373.85977915,1400671.0189276296,287607538.740225,78003777.9893194,217459784.81493723,80046580.54124218,172138674.5157539,153762909.25440437,210678647.1648101,11050261.365518352,forecast
IND,SGP,2026,10799110345.138489,20026459359.577263,30825569704.71575,191913318.82189682,6578554956.903946,671478499.2083635,1303755075.4261885,1310409848.5989358,357665626.5477241,376994841.1231255,8338178.508310267,594824253.7881789,6514007176.695166,2565771975.865468,2283745520.458176,2523881342.107901,4126062043.7476683,1292220356.7278697,125946690.18683474,forecast
IND,THA,2026,4661770920.944458,11921717462.623392,16583488383.56785,900512374.5655605,1083179268.5332303,913400351.3879515,191974364.94238272,660535655.649757,758879459.048227,151880997.74350852,1408449.073841137,2510257163.221015,2672946744.697758,2317997892.9641676,1393207311.370684,1502229440.99704,1096535532.8317778,422937196.1419692,5606180.3989800215,forecast
IND,USA,2026,90237963500.44637,31797316782.42329,122035280282.86966,3449626514.483719,30764600966.37871,14333452281.716059,12002757943.853365,11020571001.815573,11410797656.290657,7184596851.003953,71560284.90432407,1087146682.8027797,7393614773.24686,4238231721.804951,8055696655.902815,1879825554.2074637,4057010827.297052,4218212384.6387997,867578182.5225711,forecast
IND,VNM,2026,7416171578.081941,1539453372228.1614,1546869543806.2434,1573634558.588607,600386982.5233275,1149822122.4681215,447148927.61334926,442800261.78909343,3087363836.2859592,114935413.65871517,79475.15476737436,3207726761.254332,813898558.8283093,523272819.6676215,530644373.15403044,468866263.9278506,334017502.14081335,628995060.6243106,1532945950888.5642,forecast
JPN,KOR,2026,30830421892.577705,21308516316.327682,52138938208.90539,1440400750.7575612,9586562333.485079,4806516538.219566,922678374.086166,6104125963.492728,4185519459.933096,1533441745.1680098,2251176727.4354978,900120625.2652228,5925736907.126232,3690265932.593976,752243968.3502553,4444186780.445297,3824735843.210292,1770346723.2482035,879536.0882037187,forecast
JPN,MYS,2026,9493926771.31849,14020470344.407454,23514397115.725945,579336083.2498397,2542892542.3929443,1487429158.7876809,243479225.32715878,1565925395.738641,2261438945.3229566,100934252.80452527,712491167.6947424,653567745.7074413,5070295352.099161,2122839339.3457978,509372368.1936114,1502471122.8221421,3362193235.1272187,772242539.2348566,27488641.877225988,forecast
JPN,NLD,2026,12205854060.063496,4193660116.7766995,16399514176.840195,639486866.9231137,2081782656.427158,2008188826.0212643,73125704.98728026,3878765148.2557373,1996972192.4634032,1235217672.1556456,292314992.8298931,289668022.4865967,690150752.7876942,568955435.6140176,34816536.52073222,553450619.3414488,446335995.0194173,1598823512.3647864,11459242.642006304,forecast
JPN,PHL,2026,7373955267.995745,7208101908.656005,14582057176.651749,515645284.30723375,579532536.5602827,2487877451.9415774,117771877.50191526,1902362927.0683029,1222335612.1460202,91941694.3750855,456487884.09532654,270781567.9148311,1010949238.6276879,2187708257.258281,109034289.20113818,1736830843.6668606,1639873385.7919822,224111422.46327272,28812903.73195054,forecast
JPN,SGP,2026,11928390270.317547,15917776175.41804,27846166445.735588,408162327.23240054,1315553132.5565186,1631977365.0881174,1454192669.479795,1042764276.323192,2396946511.442043,747334153.3752754,2931459834.820208,781550917.1235025,2126777353.774074,2027980704.7591507,1329877402.0848677,2320533203.5447435,5125561199.866928,1983874853.368828,221620540.89594457,forecast
JPN,THA,2026,21084962093.271523,17691694131.23779,38776656224.50931,2113708476.4700658,2703405681.403921,4975429011.580671,917399533.7751285,6100792792.566375,3185228657.5232244,404641143.769968,684356796.1821715,1472983871.9366212,2357086259.193985,4496935978.862022,899567849.4111146,4758914627.498875,2709898747.8565116,797071138.181748,199235658.29691273,forecast
JPN,USA,2026,129520723927.78996,60095479600.5652,189616203528.35516,9170228811.161892,29448305096.249435,12847309056.32549,2033042943.618638,54674366220.45791,9023891474.093203,7580445300.49014,4743135025.3932495,4996244597.251175,16042350645.987564,6286849583.716228,1518049568.5710597,16611517233.401474,3228199700.6960545,8409096663.826624,3003171607.1150203,forecast
JPN,VNM,2026,11456192901.042953,393132670601.2859,404588863502.32886,1047268707.0906703,958674644.2499093,2199384189.845305,2032976659.9923663,1882850609.260423,2828433068.901051,332955796.44232243,173649225.26090696,1081499844.4609694,4472714501.73863,4362071889.219538,2916799832.9626455,3709648424.5691657,998354283.1807544,630710146.4118223,374960871678.7424,forecast
KOR,MYS,2026,6746426316.590813,12488712072.452301,19235138389.043114,342636067.4977351,3407264581.00305,880928741.5431006,66158733.592733264,163229986.9572832,1655380078.747233,230691812.91824657,136314.33143124418,505278773.00724685,6769748457.263282,1594010797.3156734,99575085.07055297,180732913.7464272,3092757801.558637,234097535.42280823,12510709.067672687,forecast
KOR,NLD,2026,6180742135.41758,9710676545.954687,15891418681.372267,332611879.3646459,1428121086.0085173,593606455.3577771,50353372.91974679,1314596062.285399,1985805751.838376,475518220.5827298,129307.06038849622,679295532.057772,1090505451.4980543,835150636.4874921,106538617.97073255,1524743417.5208468,4447907242.123209,954011576.3801084,72524071.916472,forecast
KOR,PHL,2026,10197612647.451208,3918621462.71092,14116234110.162128,377330201.30002,4588200454.518932,1993413687.718415,190350455.2978369,500590559.60518825,575277150.3108212,342824263.69294345,1629625875.0070496,157918187.24803385,2045606875.550009,700161680.8165835,54065374.31572987,169975987.26687753,593513024.6804215,188235903.7617083,9144429.07155591,forecast
KOR,SGP,2026,17615406838.291363,20066256206.01791,37681663044.30927,198757213.8887626,8190538549.202468,1106168364.545958,697385766.7255232,3895674955.600414,3101363154.1977496,412266551.382799,13252282.747693533,181813714.9425422,5901839530.419358,973663857.6716456,156694650.87233308,338321217.8438103,10490982158.735495,1109443914.578647,913497160.9540796,forecast
KOR,THA,2026,5076237311.261091,8476817648.603702,13553054959.864792,764841506.1858611,1036879268.9315299,1093699602.363426,179516911.74648577,855342869.608577,783210657.6927274,361793127.94752073,953366.7849637704,831086892.7940052,1321220998.00173,1312664661.2506254,148941639.5298042,1015961780.9069828,751266220.8444985,408628667.76919127,2687046787.5068636,forecast
KOR,USA,2026,124318334926.03943,55693035050.22917,180011369976.26862,5477276223.660291,36822865687.55262,19641708992.257225,1798588644.9342113,48311491490.97449,5380206387.527835,6862580499.272951,23616999.859807137,3155325718.7216187,18826250439.49232,7258721356.990164,823496440.8263384,16520283203.644575,2899688511.2820163,4210475204.010011,1998794175.2621338,forecast
KOR,VNM,2026,53007384178.12112,807665120169966.1,807718127554144.2,1504408132.2890446,5044083557.056489,6156293270.826682,3848176728.7085295,2311515693.0150056,33570247727.065865,568870461.6436456,3788607.5158526897,1399243912.54612,4799379597.311524,3132590942.1649547,5209947077.644142,2811590675.074277,1262218271.5870967,407169378.70602953,807646098030111.1,forecast
MYS,NLD,2026,6969443515.006282,1831066628.597321,8800510143.603603,676928265.9519323,1225851497.0379953,851476152.1457292,15578187.69898435,407239145.35718346,3466000596.6712832,322678813.597072,3690856.5461021666,241799078.1993446,653070190.459048,480377450.2995382,10225654.752129838,68931638.58062299,180983357.4547485,193912364.6386298,1766894.213259288,forecast
MYS,PHL,2026,5212811547.634637,1783567668.7427678,6996379216.377405,503796671.9007972,2342281048.5447526,786255330.1142722,38442657.26759658,263035850.78873882,1072758890.761582,204518984.41927776,1722113.8376188474,245909606.48304406,553404694.2984562,196617121.14108574,7456850.504771465,115490886.219418,524657770.7682141,112343498.6410961,27687240.686682325,forecast
MYS,SGP,2026,40319474225.296974,52817072317.88165,93136546543.17862,2024624276.190271,11998517430.671047,5686355353.924803,2809393348.6192617,2327061699.3726544,13823382622.32092,1633754961.2136037,16384532.984415993,3239364858.8699985,18982753967.628574,8366836985.076695,5804042162.568315,4294733652.3260603,9589721317.240442,2310165414.499583,229453959.6719881,forecast
MYS,THA,2026,9925665108.520475,10760992821.789375,20686657930.309853,1662113701.5367045,3106104137.2967978,1486909447.6567235,188985438.13583812,2072063314.7734344,1110315085.7992342,291335675.6656593,7838307.656084808,1340603218.1289487,3748744041.4074407,1388167680.8733532,152468554.91441637,2474286539.7744994,1455994634.5945048,198117062.62165815,2611089.474554079,forecast
MYS,USA,2026,36756922275.58459,18616721840.043736,55373644115.62833,740809749.2419455,3237699131.6713576,6435765024.521114,281179137.29201674,6826210507.019486,16081800656.488815,3138496136.512452,14961932.83739531,474140045.22640485,2028293661.5059264,3430805985.094918,110363138.86996862,1175287409.8669193,7974249190.707969,1614912354.9594684,1808670053.8121612,forecast
MYS,VNM,2026,14588638898.03289,4196272392.973916,18784911291.006805,787370031.6926181,2248309292.9340744,1057594805.5743487,396734818.6878006,509459369.6205572,9288456445.0807,297656454.84682864,3057679.5959625086,1026147883.3135961,1662725595.974493,453488748.6271775,161733460.0827563,253470769.51924184,220840967.7382796,79477651.51143962,338387316.206931,forecast
NLD,PHL,2026,823321025.6073612,3712328537.895519,4535649563.50288,90138701.85159545,15587768.854303773,64229437.196554266,9693408.669252887,27601376.59498809,405643936.2786386,210193627.83718622,232768.32484196266,359188890.86833286,52262394.37047462,160329640.13611317,8995376.137042604,852727014.6421279,1940319081.2995257,166697857.0954293,171808283.3464722,forecast
NLD,SGP,2026,3578840396.996952,5746958005.3857155,9325798402.382668,143060358.53312165,1288607652.7071745,339854686.2807647,17316753.028994545,307530131.67809683,357965861.7271143,1119546027.290111,4958925.751574355,266670757.95512617,1513691843.2993207,847712200.2922481,18324287.314822726,227492846.34720883,981374981.1989306,1314410946.051022,577280142.927036,forecast
NLD,THA,2026,1293038098.9386168,5316551722.799289,6609589821.7379055,267520593.56825832,84427581.4967114,153485847.2159703,31115456.36656753,64217724.80675889,484119711.378397,192170284.69801065,15980899.407942481,642604687.5490209,488648784.6009187,1097775692.6478095,121554560.36528768,738587469.4324198,1646538246.861609,580151355.5596235,690925.7825997433,forecast
NLD,USA,2026,50343626873.986275,124687875145.25478,175031502019.24106,2237958802.2218547,28930679823.859196,2526796577.147331,632966561.0339836,3644731837.3047276,4724487806.117345,7587248248.207513,58757218.09431974,4030169211.062813,68752236541.62737,4728155333.860388,710250818.2903403,3094571872.359775,6407652340.184772,33681903974.909786,3282935052.9595356,forecast
NLD,VNM,2026,1776784233.530203,1.6533461006120916e+16,1.653346278290515e+16,136678154.9563526,45584772.70208934,289294987.6123499,332091450.21564364,278183210.13666105,597727611.2228068,95562069.20828907,1661977.476010481,2500501887.5891695,317461513.4584732,1515700927.3790536,2787797004.417296,1375204332.1807303,1010993378.4028271,183208906.44231507,1.6533451315252966e+16,forecast
PHL,SGP,2026,2567616939.2721076,11175466007.291294,13743082946.563402,97677651.54404916,393879890.6109349,118278056.06648384,6739288.229005078,1252628789.4172122,478987867.8369101,132187630.10276812,87237765.46474431,814734960.1470404,2275742980.235829,1452435651.181511,377227718.471247,1170224618.2182372,3685619897.5886717,1305044211.3223257,94435970.1264304,forecast
PHL,THA,2026,2011053624.1114335,8956310414.115952,10967364038.227385,344026375.0529785,361768745.01865697,273787449.54910946,12991938.821365124,730703649.668933,189445730.983038,86396345.83265416,11933389.184698459,1288472943.4703693,1602044788.9673347,1681274334.1556966,86834727.31084026,3238043800.055454,695688980.0588782,361409471.371954,2541368.7254239786,forecast
PHL,USA,2026,9186550821.647493,7589884394.024921,16776435215.672415,2026082490.525413,564050828.6295613,1385994600.4285696,240972926.5744551,1217925712.3910587,2483574293.816893,699239861.7761196,568710107.505422,1924109819.1939666,431421000.7937184,1239247819.1110353,298111448.93093103,867475099.8898448,1945901130.0546725,495757770.6322437,387860305.4185088,forecast
PHL,VNM,2026,1445881521.13399,45258499284205.805,45259945165726.94,530782706.025274,33301983.10497287,479423655.21311,98770832.04281615,57168169.33053537,128808999.10995565,35882948.49504246,81742227.81228346,1690035518.8438683,178656180.0188132,483757326.99701405,209841286.48707372,345996253.94238997,181341292.87507614,178196372.18936372,45255231459974.45,forecast
SGP,THA,2026,23020378101.7074,7497911234.818465,30518289336.525867,1262955115.8700879,5363532343.482115,3639250256.000867,1123457448.3306935,1106923769.2621648,8412764906.656404,1658247931.778164,453246330.3269058,485405296.8056006,2726301895.940216,1192624847.4341748,326001609.45751405,864005084.2989312,1577610394.7658107,322172804.5840276,3789301.5321902377,forecast
SGP,USA,2026,42880842419.174545,38476212599.8981,81357055019.07265,963477395.1798369,11109038253.47651,3549226025.685978,192348050.17238757,15499313286.597723,5829510013.634959,5554999682.832931,182929711.59422672,909045270.2500056,10780565146.703854,2490269551.319953,466108306.54237443,1240148736.8964593,3260836168.708206,10020300526.884678,9308938892.592573,forecast
SGP,VNM,2026,19045313776.788048,67022272004495.23,67041317318272.016,1071104689.1528094,4173555764.599095,2156757400.0418835,460535485.0510174,1250678289.657495,8801689818.936016,986542067.9622313,144450261.3875024,208528930.99672422,2822780893.1118026,493503331.3456254,61987040.13777441,352189052.74738497,477180605.6430837,90000124.34169583,67017765834516.91,forecast
THA,USA,2026,52149826687.03982,15734353531.68692,67884180218.72674,2505914633.7263756,7255665002.464396,12877632466.208055,2673721063.4923434,9188061924.105007,15552959923.08998,2094397225.6775048,1474448.2761565086,805816249.9716522,2405603861.7453203,3386599803.7499027,999813081.7755693,1606336639.5053606,5355490112.321369,1039322821.7057148,135370960.91203144,forecast
THA,VNM,2026,8719493086.16211,1529536329306.5642,1538255822392.7263,634360324.3328973,1501220576.993235,1366370559.214301,491899404.36888176,1246949303.3032937,3126112618.823611,352192843.39380574,387455.73208379623,603353350.6557158,2063153188.6465168,1276621705.7950668,370265792.1761614,962011871.7139175,715944032.8566629,254225185.3834743,1523290754179.3367,forecast
USA,VNM,2026,7499084260.876691,1.229660163741457e+17,1.2296602387322995e+17,366406003.48127717,198834796.5616709,1335696208.3684392,798456773.4801965,373037412.82762504,4230511438.4518166,181119123.80277827,15022503.902886871,10530264100.331326,7407622712.309909,8180729245.265728,43927456021.64453,6885478002.070792,3413069431.145527,1194509659.1805048,1.2296593483501653e+17,forecast
